Name,Full Name,Birth Info,Batting Style,Bowling Style,Playing Position,identifier,key_cricinfo,Bowling Type,Bowling Arm
AA Bilakhia,Azharuddin Anjum Bilakhia,"May 31, 1986, Mohwa, Bhavnagar, Gujarat",Right hand Bat,Right arm Medium,,bff458c6,26946,Pace,Right
AA Chavan,Ankeet Anil Chavan,"October 28, 1985, Bombay (now Mumbai), Maharashtra",Left hand Bat,Slow Left arm Orthodox,Batter,29d72eb2,337913,Spin,Left
AA Jhunjhunwala,Abhishek Arunkumar Jhunjhunwala,"December 01, 1982, Calcutta (now Kolkata), Bengal",Right hand Bat,Right arm Offbreak,Batter,2815fe50,29702,Spin,Right
AA Kazi,Abrar Anjum Kazi,"September 29, 1989, Bangalore, Karnataka",Left hand Bat,Slow Left arm Orthodox,Bowler,16605a1b,422106,Spin,Left
AA Noffke,Ashley Allan Noffke,"April 30, 1977, Nambour, Queensland",Right hand Bat,Right arm Fast medium,Allrounder,b69e69ed,6938,Pace,Right
A Ashish Reddy,Ammana Ashish Reddy,"February 24, 1991, Secunderabad",Right hand Bat,Right arm Medium,Allrounder,1c2a64cd,389605,Pace,Right
A Badoni,Ayush Badoni,"December 03, 1999, Delhi",Right hand Bat,Right arm Offbreak,Batter,872b03f7,1151270,Spin,Right
AB Agarkar,Ajit Bhalchandra Agarkar,"December 04, 1977, Bombay (now Mumbai), Maharashtra",Right hand Bat,Right arm Fast,Bowler,fa463154,26184,Pace,Right
AB Barath,Adrian Boris Barath,"April 14, 1990, Chaguanas, Trinidad",Right hand Bat,Right arm Offbreak,Opening Batter,d3a3e82d,274926,Spin,Right
AB de Villiers,Abraham Benjamin de Villiers,"February 17, 1984, Pretoria",Right hand Bat,Right arm Medium,Wicketkeeper Batter,c4487b84,44936,Pace,Right
AB Dinda,Ashok Bhimchandra Dinda,"March 25, 1984, Medinipur, Calcutta (now Kolkata)",Right hand Bat,Right arm Medium fast,Bowler,66b30f71,227712,Pace,Right
Abdul Samad,Abdul Samad Farooq,"October 28, 2001, Kala Kot, Jammu &amp; Kashmir",Right hand Bat,Legbreak,Batter,8e514b4c,1175485,Spin,
Abdur Razzak,Abdur Razzak,"June 15, 1982, Khulna",Left hand Bat,Slow Left arm Orthodox,Bowler,888e32bf,56283,Spin,Left
Abhishek Sharma,Abhishek Sharma,"September 04, 2000, Amritsar, Punjab",Left hand Bat,Slow Left arm Orthodox,Allrounder,f29185a1,1070183,Spin,Left
AB McDonald,Andrew Barry McDonald,"June 05, 1981, Wodonga, Victoria",Right hand Bat,Right arm Fast medium,Allrounder,16043342,6553,Pace,Right
AC Blizzard,Aiden Craig Blizzard,"June 27, 1984, Shepparton, Victoria",Left hand Bat,Left arm Medium,Batter,1efb8a28,4498,Pace,Left
AC Gilchrist,Adam Craig Gilchrist,"November 14, 1971, Bellingen, New South Wales",Left hand Bat,Right arm Offbreak,Wicketkeeper Batter,2b6e6dec,5390,Spin,Right
A Chandila,Ajit  Chandila,"December 05, 1983, Faridabad, Haryana",Right hand Bat,Right arm Offbreak,Allrounder,99b202b3,27783,Spin,Right
A Chopra,Anjum Chopra,"May 20, 1977, New Delhi",Left hand Bat,Right arm Medium,,e249fdaa,27639,Pace,Right
A Choudhary,Aniket Vinod Choudhary,"January 28, 1990, Bikaner, Rajasthan",Right hand Bat,Left arm Medium,Bowler,18e6906e,527299,Pace,Left
AC Thomas,Alfonso Clive Thomas,"February 09, 1977, Cape Town, Cape Province",Right hand Bat,Right arm Fast medium,Bowler,b552a935,47569,Pace,Right
AC Voges,Adam Charles Voges,"October 04, 1979, Subiaco, Perth, Western Australia",Right hand Bat,Slow Left arm Orthodox,Top order Batter,864c199e,8119,Spin,Left
A Dananjaya,Mahamarakkala Kurukulasooriya Patabendige Akila Dananjaya Perera,"October 04, 1993, Panadura",Left hand Bat,"Right arm Offbreak, Legbreak",Allrounder,5b16a806,574178,Spin,Right
AD Hales,Alexander Daniel Hales,"January 03, 1989, Hillingdon, Middlesex",Right hand Bat,Right arm Medium,Opening Batter,92aeac25,249866,Pace,Right
AD Mascarenhas,Adrian Dimitri Mascarenhas,"October 30, 1977, Chiswick, Middlesex",Right hand Bat,Right arm Fast medium,Allrounder,3edb58fc,16932,Pace,Right
AD Mathews,Angelo Davis Mathews,"June 02, 1987, Colombo",Right hand Bat,Right arm Medium,Allrounder,896d78ad,49764,Pace,Right
AD Nath,Akshdeep Deependra Nath,"May 10, 1993, Lucknow",Right hand Bat,Right arm Medium fast,Middle order Batter,f10e94c4,500360,Pace,Right
AD Russell,Andre Dwayne Russell,"April 29, 1988, Jamaica",Right hand Bat,Right arm Fast,Allrounder,bbd41817,276298,Pace,Right
A Flintoff,Andrew Flintoff,"December 06, 1977, Preston, Lancashire",Right hand Bat,Right arm Fast medium,Allrounder,ddc0828d,12856,Pace,Right
AF Milne,Adam Fraser Milne,"April 13, 1992, Palmerston North",Right hand Bat,Right arm Fast,Bowler,350bb1b1,450860,Pace,Right
AG Paunikar,Amit Gajanan Paunikar,"April 18, 1988, Nagpur, Maharashtra, India",Right hand Bat,,Wicketkeeper Batter,3a02626a,324444,,
AJ Finch,Aaron James Finch,"November 17, 1986, Colac, Victoria",Right hand Bat,Slow Left arm Orthodox,Top order Batter,b8d490fd,5334,Spin,Left
AJ Turner,Ashton James Turner,"January 25, 1993, Perth",Right hand Bat,Right arm Offbreak,Middle order Batter,ff1e12a0,500268,Spin,Right
AJ Tye,Andrew James Tye,"December 12, 1986, Perth, Western Australia",Right hand Bat,Right arm Medium fast,Bowler,7c7d63a2,459508,Pace,Right
Akash Deep,Akash Deep,"December 15, 1996, Dehri, (Rotas), Bihar",Right hand Bat,Right arm Fast medium,Bowling Allrounder,0a67aec0,1176959,Pace,Right
Akash Singh,Akash Maharaj Singh,"April 26, 2002, Bhartpur, Rajasthan",Right hand Bat,Left arm Medium fast,Bowler,b483905d,1175458,Pace,Left
AK Markram,Aiden Kyle Markram,"October 04, 1994, Centurion",Right hand Bat,Right arm Offbreak,Opening Batter,6a26221c,600498,Spin,Right
A Kumble,Anil Kumble,"October 17, 1970, Bangalore, Karnataka",Right hand Bat,Legbreak Googly,Bowler,0c2730df,30176,Spin,
AL Menaria,Ashok Lakshminarayan Menaria,"October 29, 1990, Udaipur, Rajasthan",Left hand Bat,Slow Left arm Orthodox,Allrounder,8291f939,371150,Spin,Left
Aman Hakim Khan,Aman Hakim Khan,"November 23, 1996",Right hand Bat,Right arm Medium,Bowler,378daa89,1254269,Pace,Right
A Manohar,Abhinav Manohar,"September 16, 1994, Bangalore, Karnataka",Right hand Bat,Legbreak Googly,Batting Allrounder,0890552f,778963,Spin,
A Mishra,Amit Mishra,"November 24, 1982, Delhi",Right hand Bat,Legbreak,Bowler,6b19d823,31107,Spin,
A Mithun,Abhimanyu Mithun,"October 25, 1989, Bangalore",Right hand Bat,Right arm Medium,Bowler,66cf56a5,310958,Pace,Right
AM Nayar,Abhishek Mohan Nayar,"October 08, 1983, Secunderabad, Hyderabad",Left hand Bat,Right arm Medium,Allrounder,a45a5e8d,32091,Pace,Right
AM Rahane,Ajinkya Madhukar Rahane,"June 06, 1988, Ashwi-KD, Maharashtra",Right hand Bat,Right arm Medium,Top order Batter,29e95537,277916,Pace,Right
AM Salvi,Aavishkar Madhav Salvi,"October 20, 1981, Bombay (now Mumbai), Maharashtra",Right hand Bat,Right arm Medium,Bowler,260fd380,34264,Pace,Right
A Mukund,Abhinav Mukund,"January 06, 1990, Madras (now Chennai), Tamil Nadu",Left hand Bat,Legbreak Googly,Top order Batter,6165bca6,302582,Spin,
Anand Rajan,Anand Rajan,"April 17, 1987, Nagpur, Maharashtra",Right hand Bat,Right arm Medium,Bowler,d2340a43,26797,Pace,Right
A Nehra,Ashish Nehra,"April 29, 1979, Delhi",Right hand Bat,Left arm Medium fast,Bowler,96fd40ae,31820,Pace,Left
A Nel,Andre Nel,"July 15, 1977, Germiston, Transvaal",Right hand Bat,Right arm Fast medium,Bowler,2503e881,46569,Pace,Right
AN Ghosh,Arindam Nanigopal Ghosh,"October 19, 1986, Barasat, Kolkatta",Right hand Bat,Right arm Medium,Batter,7023d182,220435,Pace,Right
Anirudh Singh,Anirudh Singh,"August 02, 1980, Hyderabad, Andhra Pradesh",Left hand Bat,Right arm Medium,,7bb62642,26252,Pace,Right
Ankit Sharma,Ankit Nagendra Sharma,"April 20, 1991, Gwalior, Madhya Pradesh",Left hand Bat,Slow Left arm Orthodox,Bowler,24d94623,422992,Spin,Left
Ankit Soni,Ankit Soni,"August 02, 1993",Right hand Bat,Legbreak,Allrounder,f18ba07f,1083128,Spin,
Anmolpreet Singh,Anmolpreet Singh,"March 28, 1998, Patiala, Punjab",Right hand Bat,Right arm Offbreak,Batter,1399b39c,851261,Spin,Right
A Nortje,Anrich Arno Nortje,"November 16, 1993",Right hand Bat,Right arm Fast,Bowler,acdc62f5,481979,Pace,Right
Anuj Rawat,Anuj Rawat,"October 17, 1999, Ram Nagar, Uttarakhand",Left hand Bat,,Wicketkeeper Batter,c8f5f961,1123073,,
Anureet Singh,Kathuria Anureet Singh,"March 02, 1988, Delhi",Right hand Bat,Right arm Medium,Bowler,69be866a,376324,Pace,Right
AP Dole,Aditya Pradip Dole,"October 09, 1987, Pimpri, Maharashtra",Right hand Bat,Right arm Medium fast,Bowler,dbc50253,236694,Pace,Right
AP Majumdar,Anustup Prabir Majumdar,"April 30, 1984, Chandannagore, Hooghly, Bengal, India",Right hand Bat,Legbreak Googly,,f4cb4f53,31750,Spin,
AP Tare,Aditya Prakash Tare,"November 07, 1987, Bombay (now Mumbai), Maharashtra",Right hand Bat,,Wicketkeeper,855a210c,333904,,
AR Bawne,Ankit Ramdas Bawne,"December 17, 1992, Paitha, Aurangabad",Right hand Bat,Right arm Offbreak,Middle order Batter,afe3355a,327123,Spin,Right
AR Patel,Axar Rajeshbhai Patel,"January 20, 1994, Anand, Gujarat",Left hand Bat,Slow Left arm Orthodox,Bowling Allrounder,2e171977,554691,Spin,Left
Arshdeep Singh,Arshdeep Singh,"February 05, 1999, Guna, Madhya Pradesh",Left hand Bat,Left arm Medium fast,Bowler,244048f6,1125976,Pace,Left
AS Joseph,Alzarri Shaheim Joseph,"November 20, 1996, Antigua",Right hand Bat,Right arm Fast,Bowler,b0946605,670031,Pace,Right
AS Rajpoot,Ankit Singh Rajpoot,"December 04, 1993, Kanpur",Right hand Bat,Right arm Medium,Bowler,db31895a,591650,Pace,Right
AS Raut,Abhishek Santosh Raut,"March 03, 1987, Jaipur Road, Maharashtra",Right hand Bat,Legbreak Googly,Allrounder,c69a7b5c,230593,Spin,
AS Roy,Anukul Sudhakar Roy,"November 30, 1998, Saraikela Kharswan, Jharkhand",Left hand Bat,Slow Left arm Orthodox,Allrounder,e4cdf230,1079839,Spin,Left
A Symonds,Andrew Symonds,"June 09, 1975, Birmingham, Warwickshire, England",Right hand Bat,"Right arm Medium, Right arm Offbreak",Allrounder,bd77eb62,7702,Pace,Right
AT Carey,Alex Tyson Carey,"August 27, 1991, Loxton, South Australia",Left hand Bat,,Wicketkeeper Batter,69d03465,326434,,
A Tomar,Abhijeet Tomar,"March 14, 1995, Jaipur, Rajasthan",Right hand Bat,Right arm Offbreak,Opening Batter,aa5d8c9e,1081183,Spin,Right
AT Rayudu,Ambati Thirupathi Rayudu,"September 23, 1985, Guntur, Andhra Pradesh",Right hand Bat,Right arm Offbreak,Middle order Batter,70d205c9,33141,Spin,Right
AUK Pathan,Asad Ullah Khan Pathan,"June 17, 1984, Ankleshwar, Gujarat",Right hand Bat,Right arm Medium,Bowler,3ae3f034,430401,Pace,Right
A Uniyal,Amit Uniyal,"November 21, 1981, Chandigarh",Left hand Bat,Left arm Medium,,fdcb08c2,35586,Pace,Left
AU Rashid,Adil Usman Rashid,"February 17, 1988, Bradford, Yorkshire",Right hand Bat,Legbreak,Bowler,249d60c9,244497,Spin,
Avesh Khan,Avesh Khan,"December 13, 1996, Indore, Madhya Pradesh",Right hand Bat,Right arm Fast medium,Bowler,eef2536f,694211,Pace,Right
A Zampa,Adam Zampa,"March 31, 1992, Shellharbour, New South Wales",Right hand Bat,Legbreak Googly,Bowler,14f96089,379504,Spin,
Azhar Mahmood,Azhar Mahmood Sagar,"February 28, 1975, Rawalpindi, Punjab",Right hand Bat,Right arm Fast medium,Bowling Allrounder,9a158001,39024,Pace,Right
BA Bhatt,Bhargav Ashok Bhatt,"May 13, 1990, Vadodara, Gujarat",Left hand Bat,Slow Left arm Orthodox,Bowler,dc4686e6,433410,Spin,Left
B Akhil,Balachandra Akhil,"October 07, 1977, Bangalore, Karnataka",Right hand Bat,Right arm Medium fast,Bowler,af7dadf7,26206,Pace,Right
Basil Thampi,Basil Thampi,"September 11, 1993, Ernakulam, Kerala",Right hand Bat,Right arm Fast medium,Bowler,871e9faf,732291,Pace,Right
BA Stokes,Benjamin Andrew Stokes,"June 04, 1991, Christchurch, Canterbury, New Zealand",Left hand Bat,Right arm Fast medium,Allrounder,e087956b,311158,Pace,Right
BAW Mendis,Balapuwaduge Ajantha Winslow Mendis,"March 11, 1985, Moratuwa",Right hand Bat,Right arm Offbreak,Bowler,ea0cdc12,268739,Spin,Right
BB McCullum,Brendon Barrie McCullum,"September 27, 1981, Dunedin, Otago",Right hand Bat,"Right arm Medium, Right arm Offbreak",Wicketkeeper Batter,b8a55852,37737,Pace,Right
BB Samantray,Biplab Bipin Samantray,"December 14, 1988, Cuttack, Orissa",Right hand Bat,Right arm Medium,Allrounder,53f27a35,430125,Pace,Right
BB Sran,Barinder Balbirsingh Sran,"December 10, 1992, Sirsa",Left hand Bat,Left arm Medium,Bowler,d8b2f218,537126,Pace,Left
B Chipli,Bharat Chipli,"January 27, 1983, Sagar, Shivmoga, Karantaka",Right hand Bat,Right arm Medium,Batter,5451a2c1,27685,Pace,Right
BCJ Cutting,Benjamin Colin James Cutting,"January 30, 1987, Sunnybank, Brisbane, Queensland",Right hand Bat,Right arm Fast medium,Allrounder,2e11c706,230371,Pace,Right
BE Hendricks,Beuran Eric Hendricks,"June 08, 1990, Louis Leipoldt Hospital, Bellville, Cape Town",Left hand Bat,Left arm Fast medium,Bowler,b56dc5f7,379927,Pace,Left
B Geeves,Brett Geeves,"June 13, 1982, Claremont, Tasmania",Right hand Bat,Right arm Fast medium,Bowler,50758325,5472,Pace,Right
B Indrajith,Baba Indrajith,"July 08, 1994, Madras (now Chennai), Tamil Nadu",Right hand Bat,Legbreak Googly,Top order Batter,ff1e68fa,477069,Spin,
Bipul Sharma,Bipul Sharma,"September 28, 1983, Amritsar, Punjab",Left hand Bat,Slow Left arm Orthodox,Allrounder,c18496e1,35928,Spin,Left
BJ Haddin,Bradley James Haddin,"October 23, 1977, Cowra, New South Wales",Right hand Bat,,Wicketkeeper Batter,b0c772ee,5560,,
BJ Hodge,Bradley John Hodge,"December 29, 1974, Sandringham, Victoria",Right hand Bat,Right arm Offbreak,Top order Batter,b57f8a9a,5674,Spin,Right
BJ Rohrer,Ben James Rohrer,"March 26, 1981, Bankstown, New South Wales",Left hand Bat,,Middle order Batter,27af6414,7547,,
B Kumar,Bhuvneshwar Kumar Singh,"February 05, 1990, Meerut, Uttar Pradesh",Right hand Bat,Right arm Medium,Bowler,2e81a32d,326016,Pace,Right
B Laughlin,Ben Laughlin,"October 03, 1982, Box Hill, Victoria",Right hand Bat,Right arm Fast medium,Bowler,b2a79f17,315623,Pace,Right
B Lee,Brett Lee,"November 08, 1976, Wollongong, New South Wales",Right hand Bat,Right arm Fast,Bowler,dd09ff8e,6278,Pace,Right
BMAJ Mendis,Balapuwaduge Manukulasuriya Amith Jeevan Mendis,"January 15, 1983, Colombo",Left hand Bat,Legbreak,Allrounder,9868bc75,49700,Spin,
BR Dunk,Ben Robert Dunk,"March 11, 1987, Innisfail, Queensland",Left hand Bat,Right arm Offbreak,Wicketkeeper Batter,272d796e,388678,Spin,Right
B Sai Sudharsan,Bhardwaj Sai Sudharsan,"October 15, 2001, Chennai",Left hand Bat,Legbreak,Top order Batter,d5130a30,1151288,Spin,
B Stanlake,Billy James Stanlake,"November 04, 1994, Hervey Bay, Australia",Left hand Bat,Right arm Fast,Bowler,6834d1f2,533042,Pace,Right
B Sumanth,Bodapati Apparao Sumanth,"May 10, 1988, Visakhapatnam, Andhra Pradesh",Right hand Bat,Right arm Medium fast,Middle order Batter,f4f0fafd,253798,Pace,Right
BW Hilfenhaus,Benjamin William Hilfenhaus,"March 15, 1983, Ulverstone, Tasmania",Right hand Bat,Right arm Fast medium,Bowler,f3171936,5941,Pace,Right
CA Ingram,Colin Alexander Ingram,"July 03, 1985, Port Elizabeth",Left hand Bat,Legbreak,Top order Batter,c995d726,45705,Spin,
CA Lynn,Christopher Austin Lynn,"April 10, 1990, Brisbane, Queensland",Right hand Bat,Slow Left arm Orthodox,Batter,45eda7c8,326637,Spin,Left
CA Pujara,Cheteshwar Arvind Pujara,"January 25, 1988, Rajkot, Gujarat",Right hand Bat,Legbreak,Top order Batter,d4f9dbd4,32540,Spin,
C de Grandhomme,Colin de Grandhomme,"July 22, 1986, Harare",Right hand Bat,Right arm Medium fast,Allrounder,94d7f855,55395,Pace,Right
C Ganapathy,Chandrasekar Ganapathy,"June 10, 1981",Right hand Bat,Right arm Medium,,798934ea,28764,Pace,Right
CH Gayle,Christopher Henry Gayle,"September 21, 1979, Kingston, Jamaica",Left hand Bat,Right arm Offbreak,Allrounder,db584dad,51880,Spin,Right
CH Morris,Christopher Henry Morris,"April 30, 1987, Pretoria, Transvaal",Right hand Bat,Right arm Fast medium,Bowling Allrounder,fb66ce1f,439952,Pace,Right
CJ Anderson,Corey James Anderson,"December 13, 1990, Christchurch, Canterbury",Left hand Bat,Left arm Medium fast,Batting Allrounder,8abdf100,277662,Pace,Left
CJ Dala,Carl Junior Dala,"December 29, 1989, Lusaka, Zambia",Right hand Bat,Right arm Medium,Bowler,1cb14aa4,545467,Pace,Right
CJ Ferguson,Callum James Ferguson,"November 21, 1984, North Adelaide, South Australia",Right hand Bat,Right arm Medium,Middle order Batter,9b4935c8,5236,Pace,Right
CJ Green,Christopher James Green,"October 01, 1993, Durban, Natal, South Africa",Right hand Bat,Right arm Offbreak,Bowling Allrounder,19b9f399,787073,Spin,Right
CJ Jordan,Christopher James Jordan,"October 04, 1988, Barbados",Right hand Bat,Right arm Fast medium,Bowler,ffe699c0,288992,Pace,Right
CJ McKay,Clinton James McKay,"February 20, 1983, Melbourne, Victoria",Right hand Bat,Right arm Fast medium,Bowler,94eac556,6903,Pace,Right
CK Kapugedera,Chamara Kantha Kapugedera,"February 24, 1987, Kandy",Right hand Bat,Right arm Medium,Middle order Batter,cfad138c,209457,Pace,Right
CK Langeveldt,Charl Kenneth Langeveldt,"December 17, 1974, Stellenbosch, Cape Province",Right hand Bat,Right arm Fast medium,Bowler,d1c94b25,45963,Pace,Right
CL White,Cameron Leon White,"August 18, 1983, Bairnsdale, Victoria",Right hand Bat,Legbreak Googly,Middle order Batter,d0513f63,8291,Spin,
C Madan,Chandan Madan,"October 15, 1982",Right hand Bat,,Wicketkeeper,2eeb4370,31104,,
CM Gautam,Chidhambaram Muralidharen Gautam,"March 08, 1986, Bangalore, Karnataka",Right hand Bat,,Wicketkeeper,30a2649b,302208,,
C Munro,Colin Munro,"March 11, 1987, Durban",Left hand Bat,Right arm Medium fast,Opening Batter,af2c687b,232359,Pace,Right
C Nanda,Chetanya Nanda,"March 29, 1979, Delhi",Right hand Bat,Legbreak,,f24ca2ba,32093,Spin,
CR Brathwaite,Carlos Ricardo Brathwaite,"July 18, 1988, Barbados",Right hand Bat,Right arm Fast medium,Allrounder,e342e5fb,457249,Pace,Right
CRD Fernando,Congenige Randhi Dilhara Fernando,"July 19, 1979, Colombo",Right hand Bat,Right arm Fast medium,Bowler,342d8ade,48835,Pace,Right
CR Woakes,Christopher Roger Woakes,"March 02, 1989, Birmingham, Warwickshire",Right hand Bat,Right arm Fast medium,Allrounder,4c5d73db,247235,Pace,Right
C Sakariya,Chetan Sakariya,"February 28, 1998, Bhavnagar",Left hand Bat,Left arm Medium fast,Bowler,2cdce1be,1131754,Pace,Left
CV Varun,Varun Chakravarthy Vinod,"August 29, 1991, Bidar, Karnataka",Right hand Bat,Legbreak Googly,Bowler,5b7ab5a9,1108375,Spin,
DAJ Bracewell,Douglas Andrew John Bracewell,"September 28, 1990, Tauranga, Bay of Plenty",Right hand Bat,Right arm Fast medium,Bowler,2e9fdf9b,362541,Pace,Right
DA Miller,David Andrew Miller,"June 10, 1989, Pietermaritzburg, Natal",Left hand Bat,Right arm Offbreak,Middle order Batter,d67d5f00,321777,Spin,Right
DA Warner,David Andrew Warner,"October 27, 1986, Paddington, New South Wales",Left hand Bat,Legbreak,Opening Batter,dcce6f09,219889,Spin,
DB Das,Debabrata Baidya Das,"September 22, 1986, Siliguri, Bengal",Right hand Bat,Legbreak Googly,Top order Batter,7050a1e7,328163,Spin,
DB Ravi Teja,Dwaraka Bhamidipati Ravi Teja,"September 05, 1987, Kakinada, Andhra Pradesh",Right hand Bat,Legbreak Googly,Batter,b720a5d6,237701,Spin,
D Brevis,Dewald Brevis,"April 29, 2003, Johannesburg",Right hand Bat,Legbreak,Batting Allrounder,844e79d1,1070665,Spin,
D du Preez,Dillon du Preez,"November 08, 1981, Port Elizabeth, Cape Province",Right hand Bat,Right arm Fast medium,,d7a57f75,44938,Pace,Right
DE Bollinger,Douglas Erwin Bollinger,"July 24, 1981, Baulkham Hills, Sydney, New South Wales",Left hand Bat,Left arm Fast medium,Bowler,45c2196c,4508,Pace,Left
DG Nalkande,Darshan Girish Nalkande,"October 04, 1998, Wardha, Maharashtra",Right hand Bat,Right arm Fast medium,Bowler,cd8d2859,1111917,Pace,Right
DH Yagnik,Dishant Harendra Yagnik,"June 22, 1983, Banswara, Rajasthan",Left hand Bat,,Wicketkeeper,063b3673,36071,,
DJ Bravo,Dwayne John Bravo,"October 07, 1983, Santa Cruz, Trinidad",Right hand Bat,Right arm Medium,Allrounder,87e562a9,51439,Pace,Right
DJG Sammy,Daren Julius Garvey Sammy,"December 20, 1983, Micoud, St Lucia",Right hand Bat,Right arm Medium,Allrounder,c03c6200,53115,Pace,Right
DJ Harris,Daniel Joseph Harris,"December 31, 1979, North Adelaide, South Australia",Right hand Bat,Right arm Medium,,39f82db3,5583,Pace,Right
DJ Hooda,Deepak Jagbir Hooda,"April 19, 1995, Rohtak",Right hand Bat,Right arm Offbreak,Allrounder,73ad96ed,497121,Spin,Right
DJ Hussey,David John Hussey,"July 15, 1977, Mt Lawley, Perth, Western Australia",Right hand Bat,Right arm Offbreak,Allrounder,fd835ab3,5766,Spin,Right
DJ Jacobs,David Johan Jacobs,"November 04, 1982, Klerksdorp, Transvaal",Right hand Bat,Right arm Medium,Wicketkeeper Batter,a84468fe,45782,Pace,Right
DJ Malan,Dawid Johannes Malan,"September 03, 1987, Roehampton, England",Left hand Bat,Legbreak,Top order Batter,ad9c32a2,236489,Spin,
DJ Mitchell,Daryl Joseph Mitchell,"May 20, 1991, Hamilton",Right hand Bat,Right arm Medium,Allrounder,eade4650,381743,Pace,Right
DJM Short,D'Arcy John Matthew Short,"August 09, 1990, Katherine, Northern Territory",Left hand Bat,Left arm Wrist spin,Opening Batter,1a156c88,308798,Spin,Left
DJ Muthuswami,Domnic Joseph Muthuswami,"March 09, 1981, Pune, Maharashtra",Right hand Bat,Right arm Medium,,2c76b512,528985,Pace,Right
DJ Thornely,Dominic John Thornely,"October 01, 1978, Albury, New South Wales",Right hand Bat,"Right arm Medium, Right arm Offbreak",Top order Batter,7d3937ed,8002,Pace,Right
DJ Willey,David Jonathan Willey,"February 28, 1990, Northampton",Left hand Bat,Left arm Fast medium,Bowling Allrounder,7f048519,308251,Pace,Left
D Kalyankrishna,Doddapaneni Kalyankrishna,"December 16, 1983, Vijayawada",Right hand Bat,Right arm Medium fast,,94bc776b,30719,Pace,Right
DL Chahar,Deepak Lokandersingh Chahar,"August 07, 1992, Agra, Uttar Pradesh",Right hand Bat,Right arm Medium,Bowler,23eeb873,447261,Pace,Right
DL Vettori,Daniel Luca Vettori,"January 27, 1979, Auckland",Left hand Bat,Slow Left arm Orthodox,Allrounder,d7c6af50,38710,Spin,Left
DM Bravo,Darren Michael Bravo,"February 06, 1989, Trinidad",Left hand Bat,Right arm Medium,Top order Batter,14b14cd8,277472,Pace,Right
DNT Zoysa,Demuni Nuwan Tharanga Zoysa,"May 13, 1978, Colombo",Left hand Bat,Left arm Fast medium,Bowler,e0351c86,51050,Pace,Left
D Padikkal,Devdutt Padikkal,"July 07, 2000, Edapal, Kerala",Left hand Bat,Right arm Offbreak,Top order Batter,2c25d4f5,1119026,Spin,Right
DP Conway,Devon Philip Conway,"July 08, 1991, Johannesburg, Transvaal",Left hand Bat,Right arm Medium,Top order Batter,df5a6881,379140,Pace,Right
DPMD Jayawardene,Denagamage Proboth Mahela de Silva Jayawardene,"May 27, 1977, Colombo",Right hand Bat,Right arm Medium,Batter,d18f9182,49289,Pace,Right
DP Nannes,Dirk Peter Nannes,"May 16, 1976, Mount Waverley, Melbourne, Victoria",Right hand Bat,Left arm Fast,Bowler,c404f58a,6981,Pace,Left
D Pretorius,Dwaine Pretorius,"March 29, 1989, Randfontein",Right hand Bat,Right arm Medium fast,Bowling Allrounder,11614d87,327830,Pace,Right
DP Vijaykumar,David Paidikalva Vijaykumar,"October 20, 1986, Paidikalva, Andhra Pradesh",Right hand Bat,Right arm Medium,,acd4f5dc,272949,Pace,Right
DR Martyn,Damien Richard Martyn,"October 21, 1971, Darwin, Northern Territory",Right hand Bat,Right arm Medium,Top order Batter,69762509,6513,Pace,Right
DR Sams,Daniel Richard Sams,"October 27, 1992, Milperra, New South Wales",Right hand Bat,Left arm Fast medium,Allrounder,caf69bf7,826901,Pace,Left
DR Shorey,Dhruv Ranjan Shorey,"June 05, 1992, Delhi",Right hand Bat,Right arm Offbreak,Top order Batter,faa7365d,590327,Spin,Right
DR Smith,Dwayne Romel Smith,"April 12, 1983, Storey Gap, Codrington Hill, St Michael, Barbados",Right hand Bat,Right arm Medium,Allrounder,35205dfc,53118,Pace,Right
D Salunkhe,Dinesh Salunkhe,"November 12, 1982, Mumbai",Right hand Bat,Legbreak,Bowler,0264c10e,278482,Spin,
DS Kulkarni,Dhawal Sunil Kulkarni,"December 10, 1988, Bombay (now Mumbai), Maharashtra",Right hand Bat,Right arm Medium,Bowler,d2a989fc,277955,Pace,Right
DS Lehmann,Darren Scott Lehmann,"February 05, 1970, Gawler, South Australia",Left hand Bat,Slow Left arm Orthodox,Top order Batter,53fe6ee4,6285,Spin,Left
DT Christian,Daniel Trevor Christian,"May 04, 1983, Camperdown, Sydney, New South Wales",Right hand Bat,Right arm Fast medium,Allrounder,2a2e6343,4864,Pace,Right
D Wiese,David Wiese,"May 18, 1985, Roodepoort",Right hand Bat,Right arm Medium fast,Allrounder,aa8d28ae,221140,Pace,Right
DW Steyn,Dale Willem Steyn,"June 27, 1983, Phalaborwa",Right hand Bat,Right arm Fast,Bowler,8fd1a8f5,47492,Pace,Right
EJG Morgan,Eoin Joseph Gerard Morgan,"September 10, 1986, Dublin",Left hand Bat,Right arm Medium,Middle order Batter,d2a6c0e6,24598,Pace,Right
E Lewis,Evin Lewis,"December 27, 1991, Port of Spain, Trinidad",Left hand Bat,,Opening Batter,0ebfb1ad,431901,,
ER Dwivedi,Eklavya Rakesh Dwivedi,"July 22, 1988, Allahabad",Right hand Bat,,Wicketkeeper,b274dbbd,340841,,
FA Allen,Fabian Anthony Allen,"May 07, 1995, Kingston, Jamaica",Right hand Bat,Slow Left arm Orthodox,Bowling Allrounder,b52ffbbd,670013,Spin,Left
Fazalhaq Farooqi,Fazalhaq Farooqi,"September 22, 2000, Baghlan",Right hand Bat,Left arm Fast medium,Bowler,e9c7f0d0,974175,Pace,Left
F Behardien,Farhaan Behardien,"October 09, 1983, Johannesburg",Right hand Bat,Right arm Fast medium,Batting Allrounder,dce2019b,44410,Pace,Right
F du Plessis,Francois du Plessis,"July 13, 1984, Pretoria",Right hand Bat,Legbreak,Middle order Batter,3355b542,44828,Spin,
FH Edwards,Fidel Henderson Edwards,"February 06, 1982, Gays, St Peter, Barbados",Right hand Bat,Right arm Fast,Bowler,a7c226e1,51782,Pace,Right
FY Fazal,Faiz Yakub Fazal,"September 07, 1985, Nagpur, Maharashtra",Left hand Bat,Right arm Medium,Opening Batter,c15e2193,28671,Pace,Right
GB Hogg,George Bradley Hogg,"February 06, 1971, Narrogin, Western Australia",Left hand Bat,Left arm Wrist spin,Allrounder,f708a0bc,5681,Spin,Left
GC Smith,Graeme Craig Smith,"February 01, 1981, Johannesburg, Transvaal",Left hand Bat,Right arm Offbreak,Opening Batter,72861603,47270,Spin,Right
GC Viljoen,GC Viljoen,"March 06, 1989, Witbank",Right hand Bat,Right arm Fast,Bowler,a316d663,375126,Pace,Right
GD McGrath,Glenn Donald McGrath,"February 09, 1970, Dubbo, New South Wales",Right hand Bat,Right arm Fast medium,Bowler,ee7d0c82,6565,Pace,Right
GD Phillips,Glenn Dominic Phillips,"December 06, 1996, East London, Eastern Cape, South Africa",Right hand Bat,Right arm Offbreak,Wicketkeeper Batter,9a46c4e5,823509,Spin,Right
G Gambhir,Gautam Gambhir,"October 14, 1981, Delhi",Left hand Bat,Legbreak,Top order Batter,bb345e0b,28763,Spin,
GHS Garton,George Henry Simmons Garton,"April 15, 1997, Brighton, Sussex",Left hand Bat,Left arm Fast,Bowling Allrounder,be869ccf,643433,Pace,Left
GH Vihari,Gade Hanuma Vihari,"October 13, 1993, Kakinada, Andhra Pradesh",Right hand Bat,Right arm Offbreak,Batting Allrounder,94253925,452044,Spin,Right
GJ Bailey,George John Bailey,"September 07, 1982, Launceston, Tasmania",Right hand Bat,Right arm Medium,Top order Batter,5056011d,4451,Pace,Right
GJ Maxwell,Glenn James Maxwell,"October 14, 1988, Kew, Melbourne, Victoria",Right hand Bat,Right arm Offbreak,Batting Allrounder,b681e71e,325026,Spin,Right
GR Napier,Graham Richard Napier,"January 06, 1980, Colchester, Essex",Right hand Bat,Right arm Medium,Bowling Allrounder,611926bc,17991,Pace,Right
GS Sandhu,Gurjit Singh Sandhu,"March 24, 1992, Isleworth, Middlesex",Right hand Bat,Left arm Medium fast,,1558d83b,499660,Pace,Left
Gurkeerat Singh,Gurkeerat Rupinder Singh,"June 29, 1990, Muktsar, Punjab",Right hand Bat,Right arm Offbreak,Middle order Batter,6eb146d2,537124,Spin,Right
Harbhajan Singh,Harbhajan Singh,"July 03, 1980, Jullundur (now Jalandhar), Punjab",Right hand Bat,Right arm Offbreak,Bowler,8b5b6769,29264,Spin,Right
Harmeet Singh,Harmeet Singh,"September 07, 1992, Mumbai",Left hand Bat,Slow Left arm Orthodox,,2a72fd4f,391128,Spin,Left
Harpreet Brar,Harpreet Brar,"September 16, 1995, Meerut, Uttar Pradesh",Left hand Bat,Slow Left arm Orthodox,Bowler,c05edf8e,1168641,Spin,Left
Harpreet Singh,Harpreet Singh Bhatia,"August 11, 1991, Durg, Madhya Pradesh",Left hand Bat,Right arm Medium,Batter,28c78fb3,340854,Pace,Right
Harshit Rana,Harshit Pradeep Rana,"December 22, 2001, New Delhi",Right hand Bat,Right arm Medium fast,Bowler,77b1aa15,1312645,Pace,Right
H Das,Halhadar Das,"December 10, 1986, Dhankanal, Orissa",Right hand Bat,,,0ed0cdbf,236810,,
HE van der Dussen,Hendrik Erasmus van der Dussen,"February 07, 1989, Pretoria, Transvaal",Right hand Bat,Legbreak,Top order Batter,9948e262,337790,Spin,
HF Gurney,Harry Frederick Gurney,"October 25, 1986, Nottingham",Right hand Bat,Left arm Fast medium,Bowler,e412cb64,244639,Pace,Left
HH Gibbs,Herschelle Herman Gibbs,"February 23, 1974, Green Point, Cape Town, Cape Province",Right hand Bat,Right arm Bowler,Opening Batter,e1d1b294,45224,Spin,Right
HH Pandya,Hardik Himanshu Pandya,"October 11, 1993, Choryasi, Gujarat",Right hand Bat,Right arm Medium fast,Allrounder,dbe50b21,625371,Pace,Right
H Klaasen,Heinrich Klaasen,"July 30, 1991, Pretoria, Transvaal",Right hand Bat,Right arm Offbreak,Wicketkeeper Batter,235c2bb6,436757,Spin,Right
HM Amla,Hashim Mahomed Amla,"March 31, 1983, Durban, Natal",Right hand Bat,"Right arm Medium, Right arm Offbreak",Top order Batter,e798611a,43906,Pace,Right
HR Shokeen,Hrithik Rakesh Shokeen,"August 14, 2000, Delhi",Right hand Bat,Right arm Offbreak,Bowler,0c9652b0,1175423,Spin,Right
HV Patel,Harshal Vikram Patel,"November 23, 1990, Sanand, Gujarat",Right hand Bat,Right arm Medium,Bowler,f986ca1a,390481,Pace,Right
IC Pandey,Ishwar Chand Pandey,"August 15, 1989, Rewa, Madhya Pradesh",Right hand Bat,Right arm Medium,Bowler,e0407c01,447439,Pace,Right
IC Porel,Ishan Chandranath Porel,"September 05, 1998, Hooghly, Bengal",Right hand Bat,Right arm Medium,Bowler,fdf7491e,967603,Pace,Right
IK Pathan,Irfan Khan Pathan,"October 27, 1984, Baroda, Gujarat",Left hand Bat,Left arm Medium fast,Allrounder,5fa06777,32685,Pace,Left
I Malhotra,Ishan Malhotra,"May 23, 1984, Srinagar",Right hand Bat,Right arm Medium fast,Bowler,943fd425,31088,Pace,Right
Imran Tahir,Mohammad Imran Tahir,"March 27, 1979, Lahore, Punjab",Right hand Bat,Legbreak Googly,Bowler,acee4cc4,40618,Spin,
Iqbal Abdulla,Sayed Iqbal Abdulla,"December 02, 1989, Azamgarh",Left hand Bat,Slow Left arm Orthodox,Allrounder,85aae393,277237,Spin,Left
IR Jaggi,Ishank Rajiv Jaggi,"January 27, 1989, Bacheli",Right hand Bat,Legbreak Googly,Batter,dded65e7,279554,Spin,
Ishan Kishan,Ishan Pranav Kumar Pandey Kishan,"July 18, 1998, Patna, Bihar",Left hand Bat,,Wicketkeeper Batter,752f7486,720471,,
I Sharma,Ishant Sharma,"September 02, 1988, Delhi",Right hand Bat,Right arm Fast medium,Bowler,5bb1a1c4,236779,Pace,Right
IS Sodhi,Inderbir Singh Sodhi,"October 31, 1992, Ludhiana, India",Right hand Bat,Legbreak,Bowler,641ac5ff,559066,Spin,
I Udana,Isuru Udana Tillakaratna,"February 17, 1988, Balangoda",Right hand Bat,Left arm Medium fast,Allrounder,ac5ae4af,328026,Pace,Left
Jalaj S Saxena,Jalaj Sahai Saxena,"December 15, 1986, Indore, Madhya Pradesh",Right hand Bat,"Right arm Offbreak, Legbreak Googly",Allrounder,249abedf,237199,Spin,Right
JA Morkel,Johannes Albertus Morkel,"June 10, 1981, Vereeniging, Transvaal",Left hand Bat,Right arm Medium fast,Bowling Allrounder,c3d35165,46248,Pace,Right
JA Richardson,Jhye Avon Richardson,"September 20, 1996, Murdoch, Western Australia",Right hand Bat,Right arm Fast,Bowler,1ee08e9a,774223,Pace,Right
J Arunkumar,Jagadeesh Arunkumar,"January 18, 1975, Bangalore, Karnataka",Right hand Bat,Right arm Offbreak,,f663ef00,26291,Spin,Right
Jaskaran Singh,Jaskaran Singh Buttar,"September 04, 1989, Mohali, Punjab",Right hand Bat,Right arm Medium,Bowler,d7b3a420,376102,Pace,Right
J Botha,Johan Botha,"May 02, 1982, Johannesburg, Transvaal",Right hand Bat,Right arm Offbreak,Allrounder,7c503806,44149,Spin,Right
JC Archer,Jofra Chioke Archer,"April 01, 1995, Bridgetown, Barbados",Right hand Bat,Right arm Fast,Bowler,5574750c,669855,Pace,Right
JDP Oram,Jacob David Philip Oram,"July 28, 1978, Palmerston North, Manawatu",Left hand Bat,Right arm Fast medium,Allrounder,3eac9d95,38062,Pace,Right
JD Ryder,Jesse Daniel Ryder,"August 06, 1984, Masterton, Wellington",Left hand Bat,Right arm Medium,Allrounder,91ffa6c6,38373,Pace,Right
JDS Neesham,James Douglas Sheahan Neesham,"September 17, 1990, Auckland",Left hand Bat,Right arm Medium fast,Batting Allrounder,9219eff0,355269,Pace,Right
JD Unadkat,Jaydev Dipakbhai Unadkat,"October 18, 1991, Porbandar",Right hand Bat,Left arm Medium,Bowler,1e66c162,390484,Pace,Left
JEC Franklin,James Edward Charles Franklin,"November 07, 1980, Wellington",Left hand Bat,Left arm Medium,Allrounder,cf73ad76,37004,Pace,Left
JE Taylor,Jerome Everton Taylor,"June 22, 1984, St Elizabeth, Jamaica",Right hand Bat,Right arm Fast,Bowler,4180d897,53191,Pace,Right
JH Kallis,Jacques Henry Kallis,"October 16, 1975, Pinelands, Cape Town, Cape Province",Right hand Bat,Right arm Fast medium,Allrounder,86dc8f2e,45789,Pace,Right
JJ Bumrah,Jasprit Jasbirsingh Bumrah,"December 06, 1993, Ahmedabad",Right hand Bat,Right arm Fast,Bowler,462411b3,625383,Pace,Right
JJ Roy,Jason Jonathan Roy,"July 21, 1990, Durban, South Africa",Right hand Bat,,Opening Batter,d1c36f5c,298438,,
JJ van der Wath,Johannes Jacobus van der Wath,"January 10, 1978, Newcastle, Natal",Right hand Bat,Right arm Medium fast,Allrounder,6821ac10,47693,Pace,Right
JL Denly,Joseph Liam Denly,"March 16, 1986, Canterbury, Kent",Right hand Bat,Legbreak,Top order Batter,bdadf7da,12454,Spin,
JL Pattinson,James Lee Pattinson,"May 03, 1990, Melbourne, Victoria",Left hand Bat,Right arm Fast medium,Bowler,f752db61,272465,Pace,Right
JM Bairstow,Jonathan Marc Bairstow,"September 26, 1989, Bradford, Yorkshire",Right hand Bat,Right arm Medium,Wicketkeeper Batter,abb83e27,297433,Pace,Right
JM Kemp,Justin Miles Kemp,"October 02, 1977, Queenstown, Cape Province",Right hand Bat,Right arm Fast medium,Bowling Allrounder,6581d753,45797,Pace,Right
JM Sharma,Jitesh Mohan Sharma,"October 22, 1993, Amrawati, Maharashtra",Right hand Bat,,Wicketkeeper Batter,800d2d97,721867,,
Joginder Sharma,Joginder Sharma,"October 23, 1983, Rohtak",Right hand Bat,Right arm Fast medium,Allrounder,9f961c14,29976,Pace,Right
JO Holder,Jason Omar Holder,"November 05, 1991, Barbados",Right hand Bat,Right arm Medium fast,Bowling Allrounder,0f721006,391485,Pace,Right
JP Behrendorff,Jason Paul Behrendorff,"April 20, 1990, Camden, New South Wales",Right hand Bat,Left arm Fast medium,Bowler,4933f499,272477,Pace,Left
JP Duminy,Jean-Paul Duminy,"April 14, 1984, Strandfontein, Cape Town, Cape Province",Left hand Bat,Right arm Offbreak,Batting Allrounder,2e8994e7,44932,Spin,Right
JP Faulkner,James Peter Faulkner,"April 29, 1990, Launceston, Tasmania",Right hand Bat,Left arm Fast medium,Bowling Allrounder,808f425a,270484,Pace,Left
JPR Scantlebury-Searles,Javon Philip Ramon Scantlebury-Searles,"December 21, 1986, Durants Village, St James, Barbados",Right hand Bat,Right arm Fast medium,Bowling Allrounder,99ed60f8,230554,Pace,Right
JR Hazlewood,Josh Reginald Hazlewood,"January 08, 1991, Tamworth, New South Wales",Left hand Bat,Right arm Fast medium,Bowler,03806cf8,288284,Pace,Right
JR Hopes,James Redfern Hopes,"October 24, 1978, Townsville, Queensland",Right hand Bat,Right arm Medium,Allrounder,2498e163,5702,Pace,Right
JR Philippe,Joshua Ryan Philippe,"June 01, 1997",Right hand Bat,,Wicketkeeper Batter,39086549,1124282,,
J Suchith,Jagadeesha Suchith,"January 16, 1994, Mysore",Left hand Bat,Slow Left arm Orthodox,Bowler,4125d931,527663,Spin,Left
J Syed Mohammad,Jamaluddin Syed Mohammad,"June 03, 1983, Madras (now Chennai), Tamil Nadu",Left hand Bat,Slow Left arm Orthodox,Bowler,c64c2443,35261,Spin,Left
J Theron,Juan Theron,"July 24, 1985, Potchefstroom",Right hand Bat,Right arm Medium fast,Bowler,dec8e038,223642,Pace,Right
JW Hastings,John Wayne Hastings,"November 04, 1985, Penrith, New South Wales",Right hand Bat,Right arm Fast medium,Allrounder,012829ff,228622,Pace,Right
J Yadav,Jayant Yadav,"January 22, 1990, Delhi",Right hand Bat,Right arm Offbreak,Bowler,81049310,447587,Spin,Right
KA Jamieson,Kyle Alex Jamieson,"December 30, 1994, Auckland",Right hand Bat,Right arm Fast medium,Bowler,68c56d09,625960,Pace,Right
KAJ Roach,Kemar Andre Jamal Roach,"June 30, 1988, St. Lucy, Barbados",Right hand Bat,Right arm Fast medium,Bowler,78eb4223,230553,Pace,Right
Kamran Akmal,Kamran Akmal,"January 13, 1982, Lahore, Punjab",Right hand Bat,,Wicketkeeper Batter,ff077124,41028,,
Kamran Khan,Kamran Khan,"September 29, 1988",Right hand Bat,Right arm Medium,,6ef60d3a,391121,Pace,Right
KA Pollard,Kieron Adrian Pollard,"May 12, 1987, Tacarigua, Trinidad",Right hand Bat,Right arm Medium,Allrounder,a757b0d8,230559,Pace,Right
Karanveer Singh,Karanveer Singh,"November 08, 1987, Chandigarh, Punjab",Right hand Bat,Legbreak Googly,,1647bd37,322535,Spin,
Kartik Tyagi,Kartik Tyagi,"November 08, 2000, Hapur, Uttar Pradesh",Right hand Bat,Right arm Fast,Bowler,5d2eea49,1122918,Pace,Right
KB Arun Karthik,Konda Bhaskir Arun Karthik,"February 15, 1986, Walajapet, Tamil Nadu",Right hand Bat,Legbreak Googly,Wicketkeeper Batter,7daedf2f,319745,Spin,
KC Cariappa,Konganda Charamanna Cariappa,"April 13, 1994, Bangalore, Karnataka",Right hand Bat,Legbreak,Bowler,edb3d4f8,777537,Spin,
KC Sangakkara,Kumar Chokshanada Sangakkara,"October 27, 1977, Matale",Left hand Bat,Right arm Offbreak,Wicketkeeper Batter,6b71e6cf,50710,Spin,Right
KD Karthik,Krishnakumar Dinesh Karthik,"June 01, 1985, Madras (now Chennai), Tamil Nadu",Right hand Bat,Right arm Offbreak,Wicketkeeper Batter,c03f1114,30045,Spin,Right
K Goel,Karan Goel,"December 24, 1986, Ludhiana, Punjab",Left hand Bat,Right arm Offbreak,Opening Batter,a1f1829d,28997,Spin,Right
K Gowtham,Krishnappa Gowtham,"October 20, 1988, Bangalore, Karnataka",Right hand Bat,Right arm Offbreak,Bowling Allrounder,90de905a,424377,Spin,Right
KH Pandya,Krunal Himanshu Pandya,"March 24, 1991, Ahmedabad, Gujarat",Left hand Bat,Slow Left arm Orthodox,Allrounder,5b8c830e,471342,Spin,Left
KJ Abbott,Kyle John Abbott,"June 18, 1987, Empangeni, KwaZulu-Natal",Right hand Bat,Right arm Fast medium,Bowler,a9da7784,297583,Pace,Right
KK Ahmed,Khaleel Khursheed Ahmed,"December 05, 1997, Tonk, Rajasthan",Right hand Bat,Left arm Medium,Bowler,a2f46292,942645,Pace,Left
K Kartikeya,Kumar Kartikeya Singh,"December 26, 1997, Kuwasi, Sultanpur, Uttar Pradesh",Right hand Bat,"Slow Left arm Orthodox, Left arm Wrist spin",Bowler,f6d8a7ab,1159843,Spin,Left
KK Cooper,Kevon Keston Cooper,"February 16, 1989, Trinidad",Right hand Bat,Right arm Medium,Allrounder,557153ca,371814,Pace,Right
K Khejroliya,Kulwant Khejroliya,"March 13, 1992, Churi Ajitgarh Jhunjhunu District, Rajasthan",Left hand Bat,Left arm Medium fast,Bowler,fa2f1dde,1083033,Pace,Left
KK Nair,Karun Nair,"December 06, 1991, Jodhpur, Rajasthan",Right hand Bat,Right arm Offbreak,Top order Batter,944533a5,398439,Spin,Right
KL Nagarkoti,Kamlesh Lachham Nagarkoti,"December 28, 1999, Barmer, Rajasthan",Right hand Bat,Right arm Fast,Bowler,b4f5c2d9,1070188,Pace,Right
KL Rahul,Kannaur Lokesh Rahul,"April 18, 1992, Bangalore, Karnataka",Right hand Bat,,Opening Batter,b17e2f24,422108,,
KMA Paul,Keemo Mandela Angus Paul,"February 21, 1998, Guyana",Right hand Bat,Right arm Fast medium,Allrounder,75224f22,677081,Pace,Right
KM Asif,KM Asif,"July 24, 1993, Edavanna,Malappuram",Right hand Bat,Right arm Medium,Bowler,798cc28e,1083030,Pace,Right
KMDN Kulasekara,Kulasekara Mudiyanselage Dinesh Nuwan Kulasekara,"July 22, 1982, Nittambuwa",Right hand Bat,Right arm Fast medium,Bowler,469ea22b,49535,Pace,Right
KM Jadhav,Kedar Mahadav Jadhav,"March 26, 1985, Pune, Maharashtra",Right hand Bat,Right arm Offbreak,Batting Allrounder,99d63244,290716,Spin,Right
KP Appanna,Kotarangada Prabhu Appanna,"December 20, 1988, Kodagu, Karnataka",Right hand Bat,Slow Left arm Orthodox,,d92e42f5,269170,Spin,Left
KP Pietersen,Kevin Peter Pietersen,"June 27, 1980, Pietermaritzburg, Natal",Right hand Bat,Right arm Offbreak,Top order Batter,39f01cdb,19296,Spin,Right
K Rabada,Kagiso Rabada,"May 25, 1995, Johannesburg",Left hand Bat,Right arm Fast,Bowler,e62dd25d,550215,Pace,Right
KR Sen,Kuldeep Rampal Sen,"October 22, 1996, Rewa, Madhya Pradesh",Right hand Bat,Right arm Fast,Bowler,2e78f685,1163695,Pace,Right
K Santokie,Krishmar Santokie,"December 20, 1984, Clarendon, Jamaica",Left hand Bat,Left arm Medium,Bowler,531f0278,314622,Pace,Left
KS Bharat,Kona Srikar Bharat,"October 03, 1993, Visakhapatnam, Andhra Pradesh",Right hand Bat,,Wicketkeeper Batter,44a89551,529436,,
KS Sharma,Karan Sunny Sharma,"October 31, 1998, Delhi",Right hand Bat,Right arm Offbreak,Allrounder,39ed0d2f,1246518,Spin,Right
KS Williamson,Kane Stuart Williamson,"August 08, 1990, Tauranga",Right hand Bat,Right arm Offbreak,Top order Batter,d027ba9f,277906,Spin,Right
Kuldeep Yadav,Kuldeep Yadav,"December 14, 1994, Kanpur, Uttar Pradesh",Left hand Bat,Left arm Wrist spin,Bowler,8d2c70ad,559235,Spin,Left
K Upadhyay,Krishnakant Upadhyay,"June 18, 1986, Agar, Uttar Pradesh",Right hand Bat,Right arm Medium,,27e71d47,431876,Pace,Right
KV Sharma,Karn Vinod Sharma,"October 23, 1987, Meerut, Uttar Pradesh",Left hand Bat,Legbreak Googly,Bowler,119678fd,30288,Spin,
KW Richardson,Kane William Richardson,"February 12, 1991, Eudunda, South Australia",Right hand Bat,Right arm Fast medium,Bowler,dfc4d8b5,272262,Pace,Right
K Yadav,Kuldip Yadav,"October 15, 1996",Left hand Bat,Left arm Fast medium,Bowler,030f3089,1206495,Pace,Left
L Ablish,Love Ablish,"December 03, 1982, Ludhiana, Punjab",Right hand Bat,Right arm Medium fast,Bowler,8b9704ae,26236,Pace,Right
LA Carseldine,Lee Andrew Carseldine,"November 17, 1975, Nambour, Queensland",Left hand Bat,Left arm Medium,Allrounder,d872f52a,4541,Pace,Left
Lalit Yadav,Lalit Yadav,"January 03, 1997, Delhi",Right hand Bat,Right arm Offbreak,Allrounder,ad427b5c,930189,Spin,Right
LA Pomersbach,Luke Anthony Pomersbach,"September 28, 1984, Bentley, Perth, Western Australia",Left hand Bat,Right arm Offbreak,Batter,b63ab531,232284,Spin,Right
L Balaji,Lakshmipathy Balaji,"September 27, 1981, Madras (now Chennai), Tamil Nadu",Right hand Bat,Right arm Medium fast,Bowler,b2b50355,26829,Pace,Right
LE Plunkett,Liam Edward Plunkett,"April 06, 1985, Middlesbrough, Yorkshire",Right hand Bat,Right arm Fast,Bowler,9a963804,19264,Pace,Right
LH Ferguson,Lachlan Hammond Ferguson,"June 13, 1991, Auckland",Right hand Bat,Right arm Fast,Bowler,2f9d0389,493773,Pace,Right
LI Meriwala,Lukman Iqbal Meriwala,"December 11, 1991, Makan, Baroda",Left hand Bat,Left arm Fast medium,Bowler,d3611425,573930,Pace,Left
LJ Wright,Luke James Wright,"March 07, 1985, Grantham, Lincolnshire",Right hand Bat,Right arm Medium,Top order Batter,cca50cd6,23460,Pace,Right
LMP Simmons,Lendl Mark Platter Simmons,"January 25, 1985, Port of Spain, Trinidad",Right hand Bat,Right arm Medium fast,Top order Batter,89f64c19,53116,Pace,Right
L Ngidi,Lungisani True-man Ngidi,"March 29, 1996, Durban, Natal",Right hand Bat,Right arm Fast medium,Bowler,f834dcfc,542023,Pace,Right
LPC Silva,Lindamlilage Prageeth Chamara Silva,"December 14, 1979, Panadura",Right hand Bat,Legbreak,Batter,1be70c88,50431,Spin,
L Ronchi,Luke Ronchi,"April 23, 1981, Dannevirke, Manawatu, New Zealand",Right hand Bat,,Wicketkeeper Batter,0fa5042b,7502,,
LRPL Taylor,Luteru Ross Poutoa Lote Taylor,"March 08, 1984, Lower Hutt, Wellington",Right hand Bat,Right arm Offbreak,Middle order Batter,b61a3e1a,38699,Spin,Right
LR Shukla,Laxmi Ratan Shukla,"May 06, 1981, Howrah (now Haora), Bengal",Right hand Bat,Right arm Medium,Allrounder,b1451597,34019,Pace,Right
LS Livingstone,Liam Stephen Livingstone,"August 04, 1993, Barrow-in-Furness, Cumberland",Right hand Bat,"Right arm Offbreak, Legbreak",Batting Allrounder,50c6bc2b,403902,Spin,Right
MA Agarwal,Mayank Anurag Agarwal,"February 16, 1991, Bangalore, Karnataka",Right hand Bat,Right arm Offbreak,Batter,00ea847a,398438,Spin,Right
MA Khote,Musavir Asmat Khote,"April 22, 1980, Sopra, Thana, Maharashtra",Right hand Bat,Right arm Medium,,0d232ffd,30220,Pace,Right
Mandeep Singh,Mandeep Singh,"December 18, 1991, Jalandhar, Punjab",Right hand Bat,Right arm Medium,Allrounder,c3a96caf,398506,Pace,Right
Mashrafe Mortaza,Mashrafe Bin Mortaza,"October 05, 1983, Norail, Jessore",Right hand Bat,Right arm Fast medium,Bowler,e186f49c,56007,Pace,Right
M Ashwin,Murugan Ashwin,"September 08, 1990, Chennai, Tamil Nadu",Right hand Bat,Legbreak Googly,Bowler,e2db2409,528067,Spin,
MA Starc,Mitchell Aaron Starc,"January 30, 1990, Baulkham Hills, Sydney, New South Wales",Left hand Bat,Left arm Fast,Bowler,3fb19989,311592,Pace,Left
MA Wood,Mark Andrew Wood,"January 11, 1990, Ashington, Northumberland",Right hand Bat,Right arm Fast,Bowler,8d92a2c3,351588,Pace,Right
MB Parmar,Mohnish Bipinbhai Parmar,"April 12, 1988, Gandhinagar, Gujarat",Right hand Bat,Right arm Offbreak,,86ae8ef2,240734,Spin,Right
MC Henriques,Moises Constantino Henriques,"February 01, 1987, Funchal, Portugal",Right hand Bat,Right arm Fast medium,Allrounder,32198ae0,5961,Pace,Right
MC Juneja,Manprit Charanjit Juneja,"September 12, 1990, Ahmedabad, Gujarat",Right hand Bat,Right arm Offbreak,Top order Batter,605b7efa,390480,Spin,Right
M de Lange,Marchant de Lange,"October 13, 1990, Tzaneen, Limpopo",Right hand Bat,Right arm Fast,Bowler,d4eef961,393279,Pace,Right
MDKJ Perera,Mathurage Don Kusal Janith Perera,"August 17, 1990, Kalubowila",Left hand Bat,,Wicketkeeper Batter,f21043a5,300631,,
MD Mishra,Mohnish Dinesh Mishra,"February 09, 1984, Bhopal, Madhya Pradesh",Right hand Bat,Right arm Offbreak,Batter,6afb26d6,31028,Spin,Right
MEK Hussey,Michael Edward Killeen Hussey,"May 27, 1975, Mt Lawley, Perth, Western Australia",Left hand Bat,Right arm Medium,Middle order Batter,48fd7349,5939,Pace,Right
MF Maharoof,Mohamed Farveez Maharoof,"September 07, 1984, Colombo",Right hand Bat,Right arm Fast medium,Allrounder,ab89348d,49638,Pace,Right
MG Johnson,Mitchell Guy Johnson,"November 02, 1981, Townsville, Queensland",Left hand Bat,Left arm Fast,Bowler,f5180fe6,6033,Pace,Left
MG Neser,Michael Gertges Neser,"March 29, 1990, Pretoria, South Africa",Right hand Bat,Right arm Medium fast,Bowling Allrounder,0164b064,376169,Pace,Right
Misbah-ul-Haq,Misbah-ul-Haq Khan Niazi,"May 28, 1974, Mianwali, Punjab",Right hand Bat,Legbreak,Middle order Batter,7eae4418,41378,Spin,
M Jansen,Marco Jansen,"May 01, 2000",Right hand Bat,Left arm Fast,Bowling Allrounder,81c36ee9,696401,Pace,Left
MJ Clarke,Michael John Clarke,"April 02, 1981, Liverpool, New South Wales",Right hand Bat,Slow Left arm Orthodox,Middle order Batter,f842c2cf,4578,Spin,Left
MJ Guptill,Martin James Guptill,"September 30, 1986, Auckland",Right hand Bat,Right arm Offbreak,Opening Batter,2be41edb,226492,Spin,Right
MJ Henry,Matthew James Henry,"December 14, 1991, Christchurch, Canterbury",Right hand Bat,Right arm Fast medium,Bowler,e84ac20c,506612,Pace,Right
MJ Lumb,Michael John Lumb,"February 12, 1980, Johannesburg, Transvaal, South Africa",Left hand Bat,Right arm Medium,Top order Batter,11df3dc8,16406,Pace,Right
MJ McClenaghan,Mitchell John McClenaghan,"June 11, 1986, Hastings, Hawke's Bay",Left hand Bat,Left arm Fast medium,Bowler,51a3c5ef,319439,Pace,Left
MJ Santner,Mitchell Josef Santner,"February 05, 1992, Hamilton",Left hand Bat,Slow Left arm Orthodox,Bowling Allrounder,e4a0deae,502714,Spin,Left
M Kaif,Mohammad Kaif,"December 01, 1980, Allahabad, Uttar Pradesh",Right hand Bat,Right arm Offbreak,Batter,d84378a4,29990,Spin,Right
M Kartik,Murali Kartik,"September 11, 1976, Madras (now Chennai), Tamil Nadu",Left hand Bat,Slow Left arm Orthodox,Bowler,abfeb126,30049,Spin,Left
M Klinger,Michael Klinger,"July 04, 1980, Kew, Melbourne, Victoria",Right hand Bat,,Batter,b970a03f,6161,,
MK Lomror,Mahipal Krishan Lomror,"November 16, 1999, Nagaur, Rajasthan",Left hand Bat,Slow Left arm Orthodox,Allrounder,da934ee8,853265,Spin,Left
MK Pandey,Manish Krishnanand Pandey,"September 10, 1989, Nainital, Uttaranchal",Right hand Bat,Right arm Medium,Top order Batter,93b4fc78,290630,Pace,Right
MK Tiwary,Manoj Kumar Tiwary,"November 14, 1985, Howrah, Bengal",Right hand Bat,Legbreak Googly,Batter,26e5cabf,35565,Spin,
ML Hayden,Matthew Lawrence Hayden,"October 29, 1971, Kingaroy, Queensland",Left hand Bat,Right arm Medium,Opening Batter,d8699ab7,5616,Pace,Right
MM Ali,Moeen Munir Ali,"June 18, 1987, Birmingham",Left hand Bat,Right arm Offbreak,Batting Allrounder,bb351c23,8917,Spin,Right
M Manhas,Mithun Manhas,"October 12, 1979, Jammu",Right hand Bat,Right arm Offbreak,Allrounder,c42aaf71,31001,Spin,Right
M Markande,Mayank Markande,"November 11, 1997, Bathinda, Punjab",Right hand Bat,Legbreak,Bowler,a9fd84fb,1081442,Spin,
M Morkel,Morne Morkel,"October 06, 1984, Vereeniging, Transvaal",Left hand Bat,Right arm Fast,Bowler,5bb5a915,46538,Pace,Right
MM Patel,Munaf Musa Patel,"July 12, 1983, Ikhar, Gujarat",Right hand Bat,Right arm Medium fast,Bowler,f0f628c7,32965,Pace,Right
MM Sharma,Mohit Mahipal Sharma,"September 18, 1988, Ballabhgarh, Haryana",Right hand Bat,Right arm Medium,Bowler,759ac88f,537119,Pace,Right
M Muralitharan,Muthiah Muralidaran,"April 17, 1972, Kandy",Right hand Bat,Right arm Offbreak,Bowler,4ba44e19,49636,Spin,Right
MN Samuels,Marlon Nathaniel Samuels,"February 05, 1981, Kingston, Jamaica",Right hand Bat,Right arm Offbreak,Top order Batter,f846de6a,52983,Spin,Right
M Ntini,Makhaya Ntini,"July 06, 1977, Mdingi, nr King William's Town, Cape Province",Right hand Bat,Right arm Fast,Bowler,20a941bb,46592,Pace,Right
MN van Wyk,Morne Nico van Wyk,"March 20, 1979, Bloemfontein, Orange Free State",Right hand Bat,Slow Left arm Orthodox,Wicketkeeper Batter,710dd98c,47711,Spin,Left
Mohammad Ashraful,Mohammad Ashraful,"July 07, 1984, Dhaka",Right hand Bat,"Right arm Offbreak, Legbreak",Middle order Batter,2bb09eb2,55988,Spin,Right
Mohammad Hafeez,Mohammad Hafeez,"October 17, 1980, Sargodha, Punjab",Right hand Bat,Right arm Offbreak,Allrounder,9ab63e7b,41434,Spin,Right
Mohammad Nabi,Mohammad Nabi,"January 01, 1985, Loger, Afghanistan",Right hand Bat,Right arm Offbreak,Allrounder,62af8546,25913,Spin,Right
Mohammed Shami,Mohammed Shami Ahmed,"September 03, 1990, Amroha, Uttar Pradesh",Right hand Bat,Right arm Fast,Bowler,8cf9814c,481896,Pace,Right
Mohammed Siraj,Mohammed Siraj,"March 13, 1994, Hyderabad",Right hand Bat,Right arm Medium fast,Bowler,2f49c897,940973,Pace,Right
Monu Kumar,Monu Kumar Singh,"November 05, 1994, Ranchi, Bihar",Right hand Bat,Right arm Medium,Bowling Allrounder,fb24e76c,694209,Pace,Right
M Pathirana,Matheesha Pathirana,"December 18, 2002, Kandy",Right hand Bat,Right arm Medium,Bowler,64839cb3,1194795,Pace,Right
M Prasidh Krishna,Muralikrishna Prasidh Krishna,"February 19, 1996, Bangalore, Karnataka",Right hand Bat,Right arm Fast medium,Bowler,85e0cf10,917159,Pace,Right
MP Stoinis,Marcus Peter Stoinis,"August 16, 1989, Perth",Right hand Bat,Right arm Medium,Batting Allrounder,d9273ee7,325012,Pace,Right
M Rawat,Mahesh Rawat,"October 25, 1985, Faridabad",Right hand Bat,,Wicketkeeper Batter,de8d3876,33440,,
MR Marsh,Mitchell Ross Marsh,"October 20, 1991, Attadale, Perth",Right hand Bat,Right arm Medium,Allrounder,3d8feaf8,272450,Pace,Right
MS Bisla,Manvinder Sultansingh Bisla,"December 27, 1984, Hisar, Haryana",Right hand Bat,,Wicketkeeper,5afd4539,27280,,
MS Dhoni,Mahendra Singh Dhoni,"July 07, 1981, Ranchi, Bihar (now Jharkhand)",Right hand Bat,Right arm Medium,Wicketkeeper Batter,4a8a2e3b,28081,Pace,Right
MS Gony,Manpreet Singh Gony,"January 04, 1984, Roopnagar, Punjab",Right hand Bat,Right arm Medium,Bowler,ae78bc32,317293,Pace,Right
M Shahrukh Khan,Masood Shahrukh Khan,"May 27, 1995, Chennai, Tamil Nadu",Right hand Bat,Right arm Offbreak,Batter,7dcb9bc9,719719,Spin,Right
MS Wade,Matthew Scott Wade,"December 26, 1987, Hobart, Tasmania",Left hand Bat,Right arm Medium,Wicketkeeper Batter,afa7e784,230193,Pace,Right
M Theekshana,Morawakage Maheesh Theekshana,"August 01, 2000, Colombo",Right hand Bat,Right arm Offbreak,Bowler,f24c6701,1138316,Spin,Right
Mujeeb Ur Rahman,Mujeeb Ur Rahman,"March 28, 2001, Khost",Right hand Bat,Right arm Offbreak,Bowler,7d92277a,974109,Spin,Right
Mukesh Choudhary,Mukesh Choudhary,"July 06, 1996, Pardodas, Bhilwara, Rajsthan",Left hand Bat,Left arm Medium,Bowler,765a4731,1125688,Pace,Left
Mustafizur Rahman,Mustafizur Rahman,"September 06, 1995, Satkhira",Left hand Bat,Left arm Fast medium,Bowler,0a8fce53,330902,Pace,Left
MV Boucher,Mark Verdon Boucher,"December 03, 1976, East London, Cape Province",Right hand Bat,Right arm Medium,Wicketkeeper Batter,f3cb53a1,44111,Pace,Right
M Vijay,Murali Vijay,"April 01, 1984, Chennai",Right hand Bat,Right arm Offbreak,Opening Batter,4b57e452,237095,Spin,Right
M Vohra,Manan Vohra,"July 18, 1993, Chandigarh, Punjab",Right hand Bat,Right arm Medium,Opening Batter,c03e2850,532856,Pace,Right
NB Singh,Nathu Bharat Singh,"September 08, 1995, Jaipur",Right hand Bat,Right arm Medium,Bowler,b822e99c,853259,Pace,Right
ND Doshi,Nayan Dilip Doshi,"October 06, 1978, Nottingham",Right hand Bat,Slow Left arm Orthodox,Bowler,6ec424a9,12440,Spin,Left
N Jagadeesan,Narayan Jagadeesan,"December 24, 1995, Coimbatore, Tamil Nadu",Right hand Bat,,Opening Batter,bd54eef5,1048813,,
NJ Maddinson,Nicolas James Maddinson,"December 21, 1991, Nowra, New South Wales",Left hand Bat,Slow Left arm Orthodox,Opening Batter,44afbf2d,333780,Spin,Left
NJ Rimmington,Nathan John Rimmington,"November 11, 1982, Redcliffe, Queensland",Right hand Bat,Right arm Fast medium,Bowler,6042bf26,7443,Pace,Right
NL McCullum,Nathan Leslie McCullum,"September 01, 1980, Dunedin, Otago",Right hand Bat,Right arm Offbreak,Bowler,5673a3fc,37749,Spin,Right
NLTC Perera,Narangoda Liyanaarachchilage Thisara Chirantha Perera,"April 03, 1989, Colombo",Left hand Bat,Right arm Medium fast,Bowling Allrounder,0f12f9df,233514,Pace,Right
NM Coulter-Nile,Nathan Mitchell Coulter-Nile,"October 11, 1987, Osborne Park, Western Australia",Right hand Bat,Right arm Fast,Bowling Allrounder,56ab442f,261354,Pace,Right
N Pooran,Nicholas Pooran,"October 02, 1995, Trinidad",Left hand Bat,Right arm Offbreak,Wicketkeeper Batter,3241e3fd,604302,Spin,Right
N Rana,Nitish Rana,"December 27, 1993, Delhi",Left hand Bat,Right arm Offbreak,Middle order Batter,fb2d1dda,604527,Spin,Right
N Saini,Nitin Saini,"October 28, 1988, Rohtak",Right hand Bat,,Wicketkeeper Batter,addbde6c,274785,,
NS Naik,Nikhil Shankar Naik,"November 09, 1994, Savantwadi, Maharashtra",Right hand Bat,,Wicketkeeper Batter,aedc3b7c,554700,,
NT Ellis,Nathan Ellis,"September 22, 1994, Greenacre, New South Wales",Right hand Bat,Right arm Fast medium,Bowler,9eb1455b,826915,Pace,Right
NV Ojha,Naman Vinaykumar Ojha,"July 20, 1983, Ujjain, Madhya Pradesh",Right hand Bat,,Wicketkeeper Batter,890946a0,32102,,
OA Shah,Owais Alam Shah,"October 22, 1978, Karachi, Sind, Pakistan",Right hand Bat,Right arm Offbreak,Batter,7bf96684,20123,Spin,Right
OC McCoy,Obed  Christopher McCoy,"January 04, 1997",Left hand Bat,Left arm Fast medium,Bowler,529eb9e0,906783,Pace,Left
OF Smith,Odean Fabian Smith,"November 01, 1996, St. Elizabeth, Jamaica",Right hand Bat,Right arm Fast medium,Bowling Allrounder,23cca426,820691,Pace,Right
O Thomas,Oshane Romaine Thomas,"February 18, 1997",Left hand Bat,Right arm Fast,Bowler,c6097d68,914567,Pace,Right
P Amarnath,Palani Amarnath,"June 01, 1982",Right hand Bat,Right arm Medium,,6ad3a659,290629,Pace,Right
Pankaj Singh,Pankaj Singh,"May 06, 1985, Sultanpur, Uttar Pradesh",Right hand Bat,Right arm Medium fast,Bowler,e32d22f6,32973,Pace,Right
PA Patel,Parthiv Ajay Patel,"March 09, 1985, Ahmedabad, Gujarat",Left hand Bat,Right arm Offbreak,Wicketkeeper Batter,b5da6c24,32242,Spin,Right
PA Reddy,Produturi Akshath Reddy,"February 11, 1991, Hyderabad",Right hand Bat,Legbreak,Opening Batter,2461eef2,376109,Spin,
Parvez Rasool,Parvez Ghulam Rasool Zargar,"February 13, 1989, Bijbehara, Jammu and Kashmir",Right hand Bat,Right arm Offbreak,Bowling Allrounder,9170ff49,378496,Spin,Right
P Awana,Parvinder Awana,"July 19, 1986, Delhi, India",Right hand Bat,Right arm Medium,Bowler,1a0c3177,323131,Pace,Right
PBB Rajapaksa,Pramod Bhanuka Bandara Rajapaksa,"October 24, 1991, Colombo",Left hand Bat,Right arm Medium,Top order Batter,6c882e9a,342619,Pace,Right
P Chopra,Prashant Chopra,"October 07, 1992, Solan, Himachal Pradesh",Right hand Bat,Legbreak Googly,Opening Batter,8ac93ca2,500135,Spin,
PC Valthaty,Paul Chandrashekar Valthaty,"December 07, 1983, Bombay (now Mumbai), Maharashtra",Right hand Bat,Right arm Medium,Batter,25eeb281,35630,Pace,Right
PD Collingwood,Paul David Collingwood,"May 26, 1976, Shotley Bridge, Co Durham",Right hand Bat,Right arm Medium,Allrounder,a386e91b,10772,Pace,Right
P Dogra,Paras Dogra,"November 19, 1984, Palampur, Himachal Pradesh",Right hand Bat,Legbreak,Batter,2728e7e9,28160,Spin,
P Dubey,Praveen Dubey,"July 01, 1993, Azamgarh, Uttar Pradesh",Right hand Bat,Legbreak Googly,Bowler,ed5a5510,777515,Spin,
PH Solanki,Prashant Hitesh Solanki,"February 22, 2000",Right hand Bat,Legbreak,Bowler,c695b423,1252337,Spin,
PJ Sangwan,Pradeep Jaibeer Sangwan,"November 05, 1990, Rasiwas, Delhi",Right hand Bat,Left arm Medium,Bowler,9fc0ef64,279545,Pace,Left
PK Garg,Priyam K Garg,"November 30, 2000, Meerut, Uttar Pradesh",Right hand Bat,Right arm Medium,Top order Batter,bb965e9a,1070180,Pace,Right
P Kumar,Praveenkumar Sakat Singh,"October 02, 1986, Meerut, Uttar Pradesh",Right hand Bat,Right arm Medium,Bowler,e938e1bc,30732,Pace,Right
PM Sarvesh Kumar,PM Sarvesh Kumar,"April 26, 1989, Hyderabad, Andhra Pradesh",Right hand Bat,Right arm Medium,,4b4d1957,327127,Pace,Right
P Negi,Pawan Negi,"January 06, 1993, Delhi",Left hand Bat,Slow Left arm Orthodox,Bowler,f62772e5,530773,Spin,Left
PN Mankad,Prerak Nileshkumar Mankad,"April 23, 1994, Sirohi, Saurashtra",Right hand Bat,Right arm Medium,Allrounder,663b5e34,956871,Pace,Right
P Parameswaran,Prasanth Parameswaran,"May 30, 1985, Thanner Mukham",Right hand Bat,Left arm Medium,,0c432afb,279562,Pace,Left
PP Chawla,Piyush Pramod Chawla,"December 24, 1988, Aligarh, Uttar Pradesh",Left hand Bat,Legbreak,Bowling Allrounder,98ae73b1,32966,Spin,
PP Ojha,Pragyan Prayash Ojha,"September 05, 1986, Bhubaneswar, Orissa",Left hand Bat,Slow Left arm Orthodox,Bowler,6c6591ab,32130,Spin,Left
P Prasanth,Padmanabhan Prasanth,"May 22, 1985, Thiruvananthapuram, Kerala",Left hand Bat,Slow Left arm Orthodox,Allrounder,ddb00822,32211,Spin,Left
PP Shaw,Prithvi Pankaj Shaw,"November 09, 1999, Thane, Maharashtra",Right hand Bat,Right arm Offbreak,Opening Batter,8b3e9c7c,1070168,Spin,Right
P Ray Barman,Prayas Ray Barman,"October 25, 2002",Right hand Bat,Legbreak Googly,Bowler,441c72ae,1159712,Spin,
PR Shah,Pinal Rohitbhai Shah,"November 03, 1987, Baroda, Gujarat",Right hand Bat,,Wicketkeeper Batter,0aadc906,34282,,
P Sahu,Pardeep Sahu,"August 21, 1985, Bhiwani",Right hand Bat,Legbreak Googly,Allrounder,9a0146b3,34155,Spin,
P Simran Singh,Prabhsimran Singh,"August 10, 2000",Right hand Bat,,Wicketkeeper Batter,9418198b,1161024,,
PSP Handscomb,Peter Stephen Patrick Handscomb,"April 26, 1991, Melbourne, Victoria",Right hand Bat,,Batter,ada15e88,334337,,
P Suyal,Pawan Shakland Suyal,"October 15, 1989, Paudi, Uttaranchal",Right hand Bat,Left arm Medium,Bowler,cedc1d9a,431213,Pace,Left
PVD Chameera,Pathira Vasan Dushmantha Chameera,"January 11, 1992, Ragama",Right hand Bat,Right arm Fast,Bowler,327b58d3,552152,Pace,Right
PV Tambe,Pravin Vijay Tambe,"October 08, 1971, Bombay (now Mumbai), Maharashtra",Right hand Bat,Legbreak,Bowler,6aed7e79,587152,Spin,
PWH de Silva,Pinnaduwage Wanindu Hasaranga de Silva,"July 29, 1997, Galle",Right hand Bat,Legbreak,Allrounder,a97c8ec2,784379,Spin,
Q de Kock,Quinton de Kock,"December 17, 1992, Johannesburg, Gauteng",Left hand Bat,,Wicketkeeper Batter,372455c4,379143,,
RA Bawa,RajAngadBawa,"November 12, 2002, Nahan, Himachal Pradesh",Left hand Bat,Right arm Medium fast,Allrounder,ba6b2f91,1292502,Pace,Right
RA Jadeja,Ravindrasinh Anirudhsinh Jadeja,"December 06, 1988, Navagam-Khed, Saurashtra",Left hand Bat,Slow Left arm Orthodox,Allrounder,fe93fd9d,234675,Spin,Left
Ramandeep Singh,Ramandeep Singh,"April 13, 1997, Chandigarh",Right hand Bat,Right arm Medium,Middle order Batter,be24ead0,1079470,Pace,Right
RA Shaikh,Rahil Akhil Ahmed Shaikh,"June 12, 1985",Left hand Bat,Left arm Medium,,7c390b03,279460,Pace,Left
Rashid Khan,Rashid Khan,"December 15, 1959, Karachi, Sind",Right hand Bat,Right arm Fast medium,Bowler,5f547c8b,793463,Pace,Right
R Ashwin,Ravichandran Ashwin,"September 17, 1986, Madras (now Chennai), Tamil Nadu",Right hand Bat,Right arm Offbreak,Bowling Allrounder,495d42a5,26421,Spin,Right
Rasikh Salam,Rasikh Salam Dar,"April 05, 2000",Right hand Bat,Right arm Medium,Bowler,b8527c3d,1161489,Pace,Right
RA Tripathi,Rahul Ajay Tripathi,"March 02, 1991, Ranchi",Right hand Bat,Right arm Medium,Top order Batter,77255a9e,446763,Pace,Right
Ravi Bishnoi,Ravi Bishnoi,"September 05, 2000, Jodhpur, Rajasthan",Right hand Bat,Legbreak Googly,Bowler,df064e1a,1175441,Spin,
R Bhatia,Rajat Bhatia,"October 22, 1979, Delhi",Right hand Bat,Right arm Medium fast,Allrounder,33a364a6,26907,Pace,Right
R Bishnoi,Rajesh Bishnoi,"October 08, 1987, Bikaner",Right hand Bat,Right arm Medium fast,Middle order Batter,4d5a1617,236766,Pace,Right
RD Chahar,Rahul Desraj Chahar,"August 04, 1999, Bharaatpur, Rajasthan",Right hand Bat,Legbreak Googly,Bowler,2ed569a0,1064812,Spin,
RD Gaikwad,Ruturaj Dashrat Gaikwad,"January 31, 1997, Pune, Maharashtra",Right hand Bat,Right arm Offbreak,Batter,45a43fe2,1060380,Spin,Right
R Dhawan,Rishi Dhawan,"February 19, 1990, Mandi, Himachal Pradesh",Right hand Bat,Right arm Medium fast,Allrounder,26a85969,290727,Pace,Right
R Dravid,Rahul Sharad Dravid,"January 11, 1973, Indore, Madhya Pradesh",Right hand Bat,Right arm Offbreak,Top order Batter,0184dc35,28114,Spin,Right
RE Levi,Richard Ernst Levi,"January 14, 1988, Johannesburg",Right hand Bat,Right arm Medium,Opening Batter,18c78b11,46148,Pace,Right
RE van der Merwe,Roelof Erasmus van der Merwe,"December 31, 1984, Johannesburg, Transvaal",Right hand Bat,Slow Left arm Orthodox,Allrounder,05c2ca46,47850,Spin,Left
RG More,Ronit Gajanan More,"February 02, 1992, Belgaum, Karnataka",Right hand Bat,Right arm Medium,,b2b23612,424219,Pace,Right
RG Sharma,Rohit Gurunath Sharma,"April 30, 1987, Bansod, Nagpur, Maharashtra",Right hand Bat,Right arm Offbreak,Top order Batter,740742ef,34102,Spin,Right
RJ Harris,Ryan James Harris,"October 11, 1979, Sydney, New South Wales",Right hand Bat,Right arm Fast,Bowler,12eddf28,5779,Pace,Right
RJ Peterson,Robin John Peterson,"August 04, 1979, Port Elizabeth, Cape Province",Left hand Bat,Slow Left arm Orthodox,Bowler,26ff4c29,46750,Spin,Left
RJ Quiney,Robert John Quiney,"August 20, 1982, Brighton, Victoria",Left hand Bat,Right arm Medium,Batter,23ac69e6,211854,Pace,Right
RK Bhui,Ricky Kannakumar Bhui,"September 29, 1996, Bhopal, Madhya Pradesh",Right hand Bat,Legbreak Googly,Top order Batter,b63e358a,642531,Spin,
RK Singh,Rinku Khanchand Singh,"October 12, 1997, Aligarh, Uttar Pradesh",Left hand Bat,Right arm Offbreak,Middle order Batter,0a509d6b,723105,Spin,Right
R McLaren,Ryan McLaren,"February 09, 1983, Kimberley, Cape Province",Left hand Bat,Right arm Medium fast,Allrounder,c654af19,46393,Pace,Right
RM Patidar,Rajat Manohar Patidar,"June 01, 1993, Indore, Madhya Pradesh",Right hand Bat,Right arm Offbreak,Top order Batter,c740ea83,823703,Spin,Right
R Ninan,Ryan Ninan,"November 19, 1985, Thiruvananthapuram",Right hand Bat,Right arm Offbreak,Allrounder,ce4cc4d5,353669,Spin,Right
RN ten Doeschate,Ryan Neil ten Doeschate,"June 30, 1980, Port Elizabeth, Cape Province",Right hand Bat,Right arm Medium fast,Allrounder,4ec07775,47660,Pace,Right
R Parag,Riyan Parag,"November 10, 2001, Guwahati, Assam",Right hand Bat,Legbreak,Top order Batter,04a418e8,1079434,Spin,
RP Meredith,Riley Patrick Meredith,"June 21, 1996, Hobart, Tasmania",Right hand Bat,Right arm Fast,Bowler,64775749,961713,Pace,Right
R Powell,Rovman Powell,"July 23, 1993, Jamaica",Right hand Bat,Right arm Medium fast,Middle order Batter,650d5e49,820351,Pace,Right
RP Singh,Rudra Pratap Singh,"December 06, 1985, Rae Bareli, Uttar Pradesh",Right hand Bat,Left arm Fast medium,Bowler,c3d1402f,35280,Pace,Left
R Rampaul,Ravindranath Rampaul,"October 15, 1984, Preysal, Trinidad",Left hand Bat,Right arm Fast medium,Bowler,d68e7f48,52912,Pace,Right
RR Bhatkal,Raju Ravi Bhatkal,"September 01, 1985, Belgaum, Karnataka",Right hand Bat,Right arm Medium,Allrounder,7d3720ba,27150,Pace,Right
RR Bose,Ranadeb Ranjit Bose,"February 27, 1979, Calcutta (now Kolkata), Bengal",Right hand Bat,Right arm Fast medium,,21ac077a,27572,Pace,Right
RR Pant,Rishabh Rajendra Pant,"October 04, 1997, Haridwar, Uttarakhand",Left hand Bat,,Wicketkeeper Batter,919a3be2,931581,,
RR Powar,Ramesh Rajaram Powar,"May 20, 1978, Bombay (now Mumbai), Maharashtra",Right hand Bat,Right arm Offbreak,Bowler,5d096f3d,32391,Spin,Right
RR Raje,Rohan Ravindra Raje,"September 03, 1986, Neral, Maharashtra",Right hand Bat,Right arm Fast medium,,5f4e9e8f,290713,Pace,Right
RR Rossouw,Rilee Roscoe Rossouw,"October 09, 1989, Bloemfontein, Orange Free State",Left hand Bat,Right arm Offbreak,Top order Batter,cad00a4d,318845,Spin,Right
RR Sarwan,Ramnaresh Ronnie Sarwan,"June 23, 1980, Wakenaam Island, Essequibo, Guyana",Right hand Bat,Legbreak,Batter,36d33dd0,52969,Spin,
R Sai Kishore,Ravisrinivasan Sai Kishore,"November 06, 1996, Chennai, Tamil Nadu",Left hand Bat,Slow Left arm Orthodox,Bowler,c7a995d3,1048739,Spin,Left
R Sanjay Yadav,Ramsingh  Sanjay Yadav,"May 10, 1995, Gorakhpur, Uttar Pradesh",Left hand Bat,Slow Left arm Orthodox,Allrounder,33ffc3dd,1048841,Spin,Left
R Sathish,Rajagopal Sathish,"January 14, 1981, Trichy (now Tiruchchirappali), Tamil Nadu",Right hand Bat,Right arm Medium,Allrounder,626c5379,33870,Pace,Right
RS Bopara,Ravinder Singh Bopara,"May 04, 1985, Forest Gate, London",Right hand Bat,Right arm Medium,Batting Allrounder,7ca5e05d,10582,Pace,Right
RS Gavaskar,Rohan Sunil Gavaskar,"February 20, 1976, Kanpur, Uttar Pradesh",Left hand Bat,Slow Left arm Orthodox,,9ff100a6,28792,Spin,Left
R Sharma,Rahul Sharma,"November 30, 1986, Jalandhar",Right hand Bat,Legbreak Googly,Bowler,5d9a1a73,272994,Spin,
R Shepherd,Romario Shepherd,"November 26, 1994, Guyana",Right hand Bat,Right arm Fast medium,Bowling Allrounder,c5aef772,677077,Pace,Right
R Shukla,Rahul Shukla,"August 28, 1990, Jharkhand",Right hand Bat,Right arm Medium,Bowler,de4b0555,390547,Pace,Right
RS Sodhi,Reetinder Singh Sodhi,"October 18, 1980, Patiala, Punjab",Right hand Bat,Right arm Medium,,a3ecf01f,34078,Pace,Right
R Tewatia,Rahul Tewatia,"May 20, 1993, Sihi, Haryana",Left hand Bat,Legbreak,Bowling Allrounder,39a2dfa8,423838,Spin,
RT Ponting,Ricky Thomas Ponting,"December 19, 1974, Launceston, Tasmania",Right hand Bat,Right arm Medium,Top order Batter,7d415ea5,7133,Pace,Right
RV Gomez,Raiphi Vincent Gomez,"October 16, 1985",Right hand Bat,Right arm Medium,Allrounder,b2570b38,28846,Pace,Right
R Vinay Kumar,Ranganath Vinay Kumar,"February 12, 1984, Davanagere, Karnataka",Right hand Bat,Right arm Medium,Bowler,41eb4a4f,35731,Pace,Right
RV Patel,Ripal Vinubhai Patel,"September 28, 1995, Nadiad",Right hand Bat,Right arm Medium fast,Middle order Batter,60500956,1201520,Pace,Right
RV Uthappa,Robin Venu Uthappa,"November 11, 1985, Coorg, Karnataka",Right hand Bat,Right arm Medium,Batter,1c17e270,35582,Pace,Right
RW Price,Raymond William Price,"June 12, 1976, Salisbury (now Harare)",Right hand Bat,Slow Left arm Orthodox,Bowler,67af6f81,55698,Spin,Left
SA Abbott,Sean Anthony Abbott,"February 29, 1992, Windsor, New South Wales",Right hand Bat,Right arm Fast medium,Allrounder,1a2676c5,398666,Pace,Right
SA Asnodkar,Swapnil Ashok Asnodkar,"March 29, 1984, Porvorim, Goa, India",Right hand Bat,Right arm Offbreak,Batter,ae091d39,26782,Spin,Right
Sachin Baby,Sachin Baby,"December 18, 1988, Thodupuzha, Kerala",Left hand Bat,Right arm Offbreak,Batter,dc9dd038,432783,Spin,Right
Salman Butt,Salman Butt,"October 07, 1984, Lahore, Punjab",Left hand Bat,Right arm Offbreak,Batter,4d6d6280,42683,Spin,Right
Sandeep Sharma,Sandeep Sharma,"May 18, 1993, Patiala, Punjab",Right hand Bat,Right arm Medium,Bowler,ce820073,438362,Pace,Right
S Anirudha,Srikkanth Anirudha,"April 14, 1987, Madras (now Chennai), Tamil Nadu",Right hand Bat,,Top order Batter,95a2ea61,26798,,
S Aravind,Sreenath Aravind,"April 08, 1984, Bangalore, Karnataka",Left hand Bat,Left arm Medium fast,Bowler,957532de,290632,Pace,Left
SA Yadav,Suryakumar Ashok Yadav,"September 14, 1990, Mumbai, Maharashtra",Right hand Bat,"Right arm Medium, Right arm Offbreak",Batter,271f83cd,446507,Pace,Right
S Badree,Samuel Badree,"March 09, 1981, Barrackpore, Trinidad",Right hand Bat,Legbreak,Bowler,76388dc8,51433,Spin,
S Badrinath,Subramaniam Badrinath,"August 30, 1980, Madras (now Chennai), Tamil Nadu",Right hand Bat,Right arm Offbreak,Middle order Batter,3576e47e,26806,Spin,Right
SB Bangar,Sanjay Bapusaheb Bangar,"October 11, 1972, Bid, Maharashtra",Right hand Bat,Right arm Medium fast,,0604ef16,27225,Pace,Right
SB Jakati,Shadab Bashir Jakati,"November 27, 1980, Vasco da Gama, Goa",Left hand Bat,Slow Left arm Orthodox,Bowler,c8179c68,29655,Spin,Left
SB Joshi,Sunil Bandacharya Joshi,"June 06, 1970, Gadag, Karnataka",Left hand Bat,Slow Left arm Orthodox,Allrounder,670709ec,29725,Spin,Left
SB Styris,Scott Bernard Styris,"July 10, 1975, Brisbane, Queensland, Australia",Right hand Bat,Right arm Medium,Allrounder,57efa3be,38407,Pace,Right
SB Wagh,Shrikant Bhaskar Wagh,"October 09, 1988, Chikhli",Left hand Bat,Left arm Medium fast,Allrounder,dddca1d6,279552,Pace,Left
SC Ganguly,Sourav Chandidas Ganguly,"July 08, 1972, Calcutta (now Kolkata), Bengal",Left hand Bat,Right arm Medium,Batter,725529bc,28779,Pace,Right
S Chanderpaul,Shivnarine Chanderpaul,"August 16, 1974, Unity Village, East Coast, Demerara, Guyana",Left hand Bat,Legbreak,Batter,881a9bdd,51469,Spin,
SC Kuggeleijn,Scott Christopher Kuggeleijn,"January 03, 1992, Hamilton",Right hand Bat,Right arm Fast medium,Bowling Allrounder,fef92afc,539548,Pace,Right
SD Chitnis,Siddharth Dilip Chitnis,"May 06, 1987, Bombay (now Mumbai), Maharashtra",Right hand Bat,Right arm Offbreak,Batter,facb9086,337916,Spin,Right
S Dhawan,Shikhar Dhawan,"December 05, 1985, Delhi",Left hand Bat,Right arm Offbreak,Opening Batter,0a476045,28235,Spin,Right
SD Lad,Siddhesh Dinesh Lad,"May 23, 1992, Mumbai",Right hand Bat,Right arm Offbreak,Middle order Batter,9601c534,422342,Spin,Right
S Dube,Shivam Dube,"June 26, 1993, Mumbai",Left hand Bat,Right arm Medium,Allrounder,a4e37e47,714451,Pace,Right
SE Bond,Shane Edward Bond,"June 07, 1975, Christchurch, Canterbury",Right hand Bat,Right arm Fast,Bowler,4f629497,36326,Pace,Right
SE Marsh,Shaun Edward Marsh,"July 09, 1983, Narrogin, Western Australia",Left hand Bat,Slow Left arm Orthodox,Top order Batter,508a1ea7,6683,Spin,Left
SE Rutherford,Sherfane Eviston Rutherford,"August 15, 1998",Left hand Bat,Right arm Fast medium,Middle order Batter,d014d5ac,914541,Pace,Right
S Gopal,Shreyas Gopal,"September 04, 1993, Banglaore, Karnataka",Right hand Bat,Legbreak,Allrounder,7a8bd078,344580,Spin,
Shahbaz Ahmed,Shahbaz Ahmed,"December 12, 1994, Mewat, Haryana",Left hand Bat,Slow Left arm Orthodox,Allrounder,f9e6e7ef,1159711,Spin,Left
Shahid Afridi,Sahibzada Mohammad Shahid Khan Afridi,"March 01, 1980, Khyber Agency",Right hand Bat,Legbreak Googly,Allrounder,0dc00542,42639,Spin,
Shakib Al Hasan,Shakib Al Hasan,"March 24, 1987, Magura, Jessore",Left hand Bat,Slow Left arm Orthodox,Allrounder,7dc35884,56143,Spin,Left
Shashank Singh,Shashank Singh,"November 21, 1991",Right hand Bat,"Right arm Medium, Right arm Offbreak",Batting Allrounder,26989d80,377534,Pace,Right
Shivam Mavi,Shivam Pankaj Mavi,"November 26, 1998, Noida, Uttar Pradesh",Right hand Bat,Right arm Fast medium,Allrounder,c38d3503,1079848,Pace,Right
Shivam Sharma,Shivam Sharma,"September 09, 1993, Delhi",Right hand Bat,Right arm Offbreak,,6f49cc6e,717201,Spin,Right
Shoaib Ahmed,Syed Mohammad Shoaib Ahmed,"November 19, 1987, Hyderabad, Andhra Pradesh",Right hand Bat,Right arm Fast medium,,8a668774,317709,Pace,Right
Shoaib Akhtar,Shoaib Akhtar,"August 13, 1975, Rawalpindi, Punjab",Right hand Bat,Right arm Fast,Bowler,10a91f35,42655,Pace,Right
Shoaib Malik,Shoaib Malik,"February 01, 1982, Sialkot, Punjab",Right hand Bat,Right arm Offbreak,Allrounder,64c34cd0,42657,Spin,Right
Shubman Gill,Shubman Gill,"September 08, 1999, Fazilka, Punjab",Right hand Bat,Right arm Offbreak,Opening Batter,b4b99816,1070173,Spin,Right
Simarjeet Singh,Simarjeet Singh,"January 17, 1998, Delhi",Right hand Bat,Right arm Medium fast,Bowler,30df8c66,1159722,Pace,Right
SJ Srivastava,Shalabh Jagdishprasad Srivastava,"September 22, 1981, Allahabad, Uttar Pradesh",Right hand Bat,Left arm Fast medium,Bowler,2049f3a0,34245,Pace,Left
S Kaul,Siddarth Kaul,"May 19, 1990, Pathankot, Punjab",Right hand Bat,Right arm Medium,Bowler,dcf81436,326017,Pace,Right
S Kaushik,Shivil Kaushik,"September 07, 1995",Right hand Bat,Left arm Wrist spin,Bowler,1da489ff,917213,Spin,Left
SK Raina,Suresh Kumar Raina,"November 27, 1986, Muradnagar, Ghaziabad, Uttar Pradesh",Left hand Bat,Right arm Offbreak,Middle order Batter,1dc12ab9,33335,Spin,Right
SK Trivedi,Siddharth Kishorkumar Trivedi,"September 04, 1982, Ahmedabad, Gujarat",Right hand Bat,Right arm Medium,Bowler,3d7e087f,35353,Pace,Right
SK Warne,Shane Keith Warne,"September 13, 1969, Ferntree Gully, Victoria",Right hand Bat,Legbreak Googly,Bowler,bb18be76,8166,Spin,
S Ladda,Sarabjit Ladda,"July 10, 1986, Patiala",Right hand Bat,Legbreak,Bowler,fb693839,317292,Spin,
S Lamichhane,Sandeep Lamichhane,"August 02, 2000, Syangja",Right hand Bat,Legbreak Googly,Bowler,b410bd3d,960361,Spin,
SL Malinga,Separamadu Lasith Malinga,"August 28, 1983, Galle",Right hand Bat,Right arm Fast,Bowler,a12e1d51,49758,Pace,Right
SM Boland,Scott Michael Boland,"April 11, 1989, Melbourne, Australia",Right hand Bat,Right arm Fast medium,Bowler,d167edd3,446548,Pace,Right
SM Curran,Samuel Matthew Curran,"June 03, 1998, Northampton",Left hand Bat,Left arm Medium fast,Allrounder,e94915e6,662973,Pace,Left
SM Harwood,Shane Michael Harwood,"March 01, 1974, Ballarat, Victoria",Right hand Bat,Right arm Fast medium,Bowler,63bff7f9,5605,Pace,Right
S Midhun,Sudhesan Midhun,"October 07, 1994, Kayamkulam (Allapuzha District)",Right hand Bat,Legbreak Googly,Bowler,ade90de7,1131619,Spin,
SM Katich,Simon Mathew Katich,"August 21, 1975, Middle Swan, Western Australia",Left hand Bat,Left arm Wrist spin,Batter,fdedb37c,6128,Spin,Left
SM Pollock,Shaun Maclean Pollock,"July 16, 1973, Port Elizabeth, Cape Province",Right hand Bat,Right arm Fast medium,Allrounder,88fccd6c,46774,Pace,Right
SMSM Senanayake,Senanayake Mudiyanselage Sachithra Madhushanka Senanayake,"February 09, 1985, Colombo",Right hand Bat,Right arm Offbreak,Bowler,4c4fa80b,273439,Spin,Right
S Nadeem,Shahbaz Nadeem,"August 12, 1989, Bokaro, Bihar",Right hand Bat,Slow Left arm Orthodox,Bowler,9d80c5e1,31872,Spin,Left
S Narwal,Sumit Narwal,"April 16, 1982, Chirao, Karnal, Haryana",Left hand Bat,Right arm Medium,Allrounder,287686fd,32084,Pace,Right
SN Khan,Sarfaraz Naushad Khan,"October 22, 1997, Mumbai",Right hand Bat,Legbreak,Middle order Batter,f088b960,642525,Spin,
SN Thakur,Shardul Narendra Thakur,"October 16, 1991, Palghar, Maharashtra",Right hand Bat,Right arm Medium,Bowler,1abb78f8,475281,Pace,Right
Sohail Tanvir,Sohail Tanvir,"December 12, 1984, Rawalpindi, Punjab",Left hand Bat,Left arm Medium fast,Bowler,64d43928,43265,Pace,Left
SO Hetmyer,Shimron Odilon Hetmyer,"December 26, 1996, Cumberland, Berbice, Guyana",Left hand Bat,,Top order Batter,48a1d7b7,670025,,
SPD Smith,Steven Peter Devereux Smith,"June 02, 1989, Sydney, New South Wales",Right hand Bat,Legbreak Googly,Middle order Batter,30a45b23,267192,Spin,
SP Fleming,Stephen Paul Fleming,"April 01, 1973, Christchurch, Canterbury",Left hand Bat,,Top order Batter,eea6b7f1,37000,,
SP Goswami,Shreevats Pratyush Goswami,"May 18, 1989, Calcutta (now Kolkata), Bengal",Left hand Bat,,Wicketkeeper Batter,541f85c9,302579,,
SP Jackson,Sheldon Philip Jackson,"September 27, 1986, Bhavnagar, Saurashtra",Right hand Bat,,Wicketkeeper Batter,acc1aeda,237696,,
SP Narine,Sunil Philip Narine,"May 26, 1988, Arima, Trinidad &amp; Tobago",Left hand Bat,Right arm Offbreak,Bowling Allrounder,9d430b40,230558,Spin,Right
S Rana,Sachin Rana,"September 18, 1984, Gurgaon, Haryana",Right hand Bat,Right arm Medium fast,Bowler,90edaaa9,33757,Pace,Right
S Randiv,Hewa Kaluhalamullage Suraj Randiv Kaluhalamulla,"January 30, 1985, Matara",Right hand Bat,Right arm Offbreak,Bowler,f5f18a18,50438,Spin,Right
SR Tendulkar,Sachin Ramesh Tendulkar,"April 24, 1973, Bombay (now Mumbai), Maharashtra",Right hand Bat,"Right arm Offbreak, Legbreak Googly",Top order Batter,d2c2b2d5,35320,Spin,Right
SR Watson,Shane Robert Watson,"June 17, 1981, Ipswich, Queensland",Right hand Bat,Right arm Fast medium,Allrounder,4329fbb5,8180,Pace,Right
SS Agarwal,Shubham Sanjay Agarwal,"November 21, 1993, Raigadh, Gujarat",Right hand Bat,Legbreak Googly,,b51f72a5,1079668,Spin,
S Sandeep Warrier,Sankarankutty Sandeep Warrier,"April 04, 1991, Thrissur, Kerala",Right hand Bat,Right arm Medium,Bowler,cdc6bdba,592735,Pace,Right
SS Cottrell,Sheldon Shane Cottrell,"August 19, 1989, Jamaica",Right hand Bat,Left arm Fast medium,Bowler,a1d053dd,495551,Pace,Left
SS Iyer,Shreyas Santosh Iyer,"December 06, 1994, Mumbai",Right hand Bat,"Right arm Offbreak, Legbreak Googly",Top order Batter,85ec8e33,642519,Spin,Right
SS Mundhe,Shrikant Shrihari Mundhe,"October 27, 1988, Nanded",Right hand Bat,Right arm Medium,Allrounder,0af3426f,279862,Pace,Right
S Sohal,Sunny Sohal,"November 10, 1987, Mohali, Punjab, India",Right hand Bat,Legbreak,Batter,3fca55af,228943,Spin,
SS Prabhudessai,Suyash S Prabhudessai,"December 06, 1997",Right hand Bat,Right arm Medium,Batting Allrounder,9385de2e,1083851,Pace,Right
S Sreesanth,Shanthakumaran Sreesanth,"February 06, 1983, Kothamangalam, Kerala",Right hand Bat,Right arm Fast medium,Bowler,6b8eb6e5,34274,Pace,Right
S Sriram,Sridharan Sriram,"February 21, 1976, Madras (now Chennai), Tamil Nadu",Left hand Bat,Slow Left arm Orthodox,Middle order Batter,64a4c383,34118,Spin,Left
SS Sarkar,Sourav Subrata Sarkar,"December 15, 1984, Calcutta (now Kolkata), Bengal",Right hand Bat,Right arm Medium,Bowler,caa89a48,34402,Pace,Right
SS Shaikh,Shoaib Shabbir Shaikh,"January 18, 1987, Bombay (now Mumbai), Maharashtra",Right hand Bat,Right arm Medium,,5f5d3ad4,377437,Pace,Right
SS Tiwary,Saurabh Sunil Tiwary,"December 30, 1989, Jamshedpur, Bihar",Left hand Bat,,Top order Batter,709b0bac,35390,,
ST Jayasuriya,Sanath Teran Jayasuriya,"June 30, 1969, Matara",Left hand Bat,Slow Left arm Orthodox,Allrounder,f233bbb4,49209,Spin,Left
STR Binny,Stuart Terence Roger Binny,"June 03, 1984, Bangalore, Karnataka",Right hand Bat,Right arm Medium,Allrounder,bd17b45f,27223,Pace,Right
S Tyagi,Sudeep Tyagi,"September 17, 1987, Ghaziabad, Uttar Pradesh",Right hand Bat,Right arm Medium,Bowler,c24a2c5d,317784,Pace,Right
Sunny Gupta,Sunny Gupta,"September 27, 1988, Jamshedpur, Bihar",Right hand Bat,Right arm Offbreak,,ee3dfa89,271315,Spin,Right
Sunny Singh,Sunny Singh,"December 18, 1986, Bhiwani",Right hand Bat,Right arm Medium fast,Batter,30e37810,35282,Pace,Right
S Vidyut,Vidyut Sivaramakrishnan,"December 03, 1981, Madras (now Chennai), Tamil Nadu",Left hand Bat,Slow Left arm Orthodox,Batting Allrounder,756389bd,35619,Spin,Left
SV Samson,Sanju Viswanath Samson,"November 11, 1994, Pulluvila, Vizhinjam, Trivandrum",Right hand Bat,,Wicketkeeper Batter,a4cc73aa,425943,,
Swapnil Singh,Swapnil Singh,"January 22, 1991, Rae Bareilly, Uttar Pradesh",Right hand Bat,Slow Left arm Orthodox,Bowler,983f2f61,232292,Spin,Left
SW Billings,Samuel William Billings,"June 15, 1991, Pembury, Kent",Right hand Bat,,Wicketkeeper Batter,c16d4035,297628,,
SW Tait,Shaun William Tait,"February 22, 1983, Bedford Park, Adelaide, South Australia",Right hand Bat,Right arm Fast,Bowler,addfb70e,8076,Pace,Right
TA Boult,Trent Alexander Boult,"July 22, 1989, Rotorua",Right hand Bat,Left arm Fast medium,Bowler,a818c1be,277912,Pace,Left
T Banton,Tom Banton,"November 11, 1998, Chiltern, Buckinghamshire",Right hand Bat,,Opening Batter,25f7b7d6,877051,,
TD Paine,Timothy David Paine,"December 08, 1984, Hobart, Tasmania",Right hand Bat,Right arm Medium,Wicketkeeper Batter,5748e866,7252,Pace,Right
Tejas Baroka,Tejas Baroka,"February 01, 1996, Pondicherry",Right hand Bat,Legbreak Googly,Bowler,c28e9f12,1082859,Spin,
TG Southee,Timothy Grant Southee,"December 11, 1988, Whangarei, Northland",Right hand Bat,Right arm Medium fast,Bowler,13c35c9e,232364,Pace,Right
TH David,Timothy Hays David,"March 16, 1996, Singapore",Right hand Bat,Right arm Offbreak,Middle order Batter,f1f99156,892749,Spin,Right
T Henderson,Tyron Henderson,"August 01, 1974, Durban, Natal",Right hand Bat,Right arm Fast medium,Bowler,0a4ebc61,45434,Pace,Right
Tilak Varma,Namboori Thakur Tilak Varma,"November 08, 2002, Hyderabad, Andhra Pradesh",Left hand Bat,Right arm Offbreak,Batting Allrounder,b0482a1d,1170265,Spin,Right
TK Curran,Thomas Kevin Curran,"March 12, 1995, Cape Town, Cape Province",Right hand Bat,Right arm Fast medium,Bowling Allrounder,e86754b2,550235,Pace,Right
T Kohli,Taruwar Sushil Kohli,"December 17, 1988, Jalandhar, Punjab",Right hand Bat,Right arm Medium,Top order Batter,40caa465,331855,Pace,Right
TL Seifert,Tim Louis Seifert,"December 14, 1994, Wanganui",Right hand Bat,,Wicketkeeper Batter,4663bd23,625964,,
TL Suman,Tirumalasetti Laxminarayana Suman,"December 15, 1983, Hyderabad, Andhra Pradesh",Right hand Bat,Right arm Offbreak,Batter,aaa1b522,34281,Spin,Right
TM Dilshan,Tillakaratne Mudiyanselage Dilshan,"October 14, 1976, Kalutara",Right hand Bat,Right arm Offbreak,Allrounder,5bdcdb72,48472,Spin,Right
TM Head,Travis Michael Head,"December 29, 1993, Adelaide, South Australia",Left hand Bat,Right arm Offbreak,Middle order Batter,12b610c2,530011,Spin,Right
TM Srivastava,Tanmay Manoj Srivastava,"November 07, 1989, Kanpur, Uttar Pradesh",Left hand Bat,Right arm Medium,Top order Batter,a76d10ba,35401,Pace,Right
T Natarajan,Thangarasu Natarajan,"April 04, 1991, Salem",Left hand Bat,Left arm Medium,Bowler,ce794613,802575,Pace,Left
TP Sudhindra,Taduri Prakash Chandra Sudhindra,"April 24, 1984, Hindupur, Andhra Pradesh",Left hand Bat,Right arm Fast,,2f3817ce,34139,Pace,Right
TR Birt,Travis Rodney Birt,"December 09, 1981, Sale, Victoria",Left hand Bat,Right arm Medium,Middle order Batter,d2d4bb0a,4292,Pace,Right
T Shamsi,Tabraiz Shamsi,"February 18, 1990, Johannesburg, Gauteng",Right hand Bat,Left arm Wrist spin,Bowler,a03bba42,379145,Spin,Left
TS Mills,Tymal Solomon Mills,"August 12, 1992, Dewsbury, Yorkshire",Right hand Bat,Left arm Fast,Bowler,245c97cb,459257,Pace,Left
T Stubbs,Tristan Stubbs,"August 14, 2000",Right hand Bat,Right arm Offbreak,Wicketkeeper Batter,85b3fab2,595978,Spin,Right
T Taibu,Tatenda Taibu,"May 14, 1983, Harare",Right hand Bat,Right arm Medium,Wicketkeeper Batter,75de770f,55805,Pace,Right
T Thushara,Magina Thilan Thushara Mirando,"March 01, 1981, Balapitiya",Left hand Bat,Left arm Fast medium,Bowler,b2ae53f5,49677,Pace,Left
TU Deshpande,Tushar Uday Deshpande,"May 15, 1995, Mumbai",Left hand Bat,Right arm Medium,Bowler,46a9bea1,822553,Pace,Right
UA Birla,Udit Alok Birla,"November 17, 1989, Calcutta (now Kolkata), Bengal",Right hand Bat,Right arm Medium,,91b9300b,262533,Pace,Right
UBT Chand,Unmukt Bharat Thakur Chand,"March 26, 1993, Delhi",Right hand Bat,Right arm Offbreak,Top order Batter,0c94f480,446499,Spin,Right
U Kaul,Uday Kaul,"December 02, 1987, Kangra, Himachal Pradesh",Left hand Bat,,Wicketkeeper,622cc511,30235,,
Umar Gul,Umar Gul,"October 15, 1982, Peshawar, North-Western Frontier Province",Right hand Bat,Right arm Fast medium,Bowler,16dfcc19,43524,Pace,Right
Umran Malik,Umran Malik,"November 22, 1999, Srinagar, Jammu &amp; Kashmir",Right hand Bat,Right arm Fast,Bowler,81c08fa3,1246528,Pace,Right
UT Khawaja,Usman Tariq Khawaja,"December 18, 1986, Islamabad, Pakistan",Left hand Bat,Right arm Medium,Top order Batter,331ea488,215155,Pace,Right
UT Yadav,Umeshkumar Tilak Yadav,"October 25, 1987, Nagpur, Maharashtra",Right hand Bat,Right arm Fast,Bowler,cc1e8c68,376116,Pace,Right
VG Arora,Vaibhav Gopal Arora,"December 14, 1997",Right hand Bat,Right arm Fast medium,Bowler,7c3b3b78,1209292,Pace,Right
VH Zol,Vijay Hari Zol,"November 23, 1994, Jalna, Maharashtra",Left hand Bat,Right arm Offbreak,,6dbcf855,554699,Spin,Right
Virat Singh,Virat Binod Singh,"December 08, 1997, East Singhbhum, Bihar",Left hand Bat,Legbreak Googly,Top order Batter,26d76ad9,720465,Spin,
Vishnu Vinod,Vishnu Vinod,"December 02, 1993,  Pathanamthitta, Kerala",Right hand Bat,,Wicketkeeper Batter,0494fa6e,732293,,
V Kohli,Virat Kohli,"November 05, 1988, Delhi",Right hand Bat,Right arm Medium,Top order Batter,ba607b88,253802,Pace,Right
V Pratap Singh,Veer Pratap Singh,"May 03, 1992, Nalanda, Bihar",Right hand Bat,Right arm Medium,,d718440b,528967,Pace,Right
VR Aaron,Varun Raymond Aaron,"October 29, 1989, Singhbhum, Bihar (now Jharkhand)",Right hand Bat,Right arm Fast,Bowler,0a3d54b9,360911,Pace,Right
VR Iyer,Venkatesh Rajasekaran Iyer,"December 25, 1994, Indore, Madhya Pradesh",Left hand Bat,Right arm Medium,Allrounder,a24be938,851403,Pace,Right
VRV Singh,Vikram Raj Vir Singh,"September 17, 1984, Chandigarh, Punjab, India",Right hand Bat,Right arm Medium fast,,034b4b7d,35281,Pace,Right
V Sehwag,Virender Sehwag,"October 20, 1978, Delhi",Right hand Bat,Right arm Offbreak,Top order Batter,8ba8195d,35263,Spin,Right
V Shankar,Vijay Shankar,"January 26, 1991, Tirunelveli, Tamil Nadu",Right hand Bat,Right arm Medium,Allrounder,0994d0ae,477021,Pace,Right
VS Malik,Vikramjeet Singh Malik,"May 09, 1983, Vishakapatnam (Andhra)",Right hand Bat,Right arm Medium,Bowler,5f26df4f,31738,Pace,Right
VS Yeligati,Vikrant Shyam Yeligati,"April 23, 1985, Bombay (now Mumbai), Maharashtra",Right hand Bat,Right arm Offbreak,,38f2c66c,307448,Spin,Right
VVS Laxman,Vangipurappu Venkata Sai Laxman,"November 01, 1974, Hyderabad, Andhra Pradesh",Right hand Bat,Right arm Offbreak,Top order Batter,de8cce37,30750,Spin,Right
VY Mahesh,Vijaykumar Yo Mahesh,"December 21, 1987, Madras (now Chennai), Tamil Nadu",Right hand Bat,Right arm Medium fast,Allrounder,93a17209,31732,Pace,Right
WA Mota,Wilkin Arvind Mota,"September 20, 1981, Bombay (now Mumbai), Maharashtra",Right hand Bat,Right arm Medium,,3dba85c2,31041,Pace,Right
Washington Sundar,Washington Sundar,"October 05, 1999, Chennai, Tamil Nadu",Left hand Bat,Right arm Offbreak,Bowling Allrounder,f19ccfad,719715,Spin,Right
WD Parnell,Wayne Dillon Parnell,"July 30, 1989, Port Elizabeth, Cape Province",Left hand Bat,Left arm Medium fast,Bowler,3a60e0b5,265564,Pace,Left
W Jaffer,Wasim Jaffer,"February 16, 1978, Bombay (now Mumbai), Maharashtra",Right hand Bat,Right arm Offbreak,Top order Batter,619aa81f,29646,Spin,Right
WP Saha,Wriddhiman Prasanta Saha,"October 24, 1984, Shaktigarh",Right hand Bat,,Wicketkeeper Batter,fe11caa6,279810,,
WPUJC Vaas,Warnakulasuriya Patabendige Ushantha Joseph Chaminda Vaas,"January 27, 1974, Mattumagala",Left hand Bat,Left arm Fast medium,Bowler,bcce309e,50804,Pace,Left
X Thalaivan Sargunam,Xavier Thalaivan Sargunam,"May 15, 1985, Nagar Kowil, Tamil Nadu",Right hand Bat,Right arm Offbreak,,1763bc6c,319744,Spin,Right
YA Abdulla,Yusuf Adam Abdulla,"January 17, 1983, Johannesburg, Transvaal",Left hand Bat,Left arm Fast medium,Bowler,4353bba5,224367,Pace,Left
Yash Dayal,Yash Dayal,"December 13, 1997, Allahabad, Uttar Pradesh",Right hand Bat,Left arm Medium fast,Bowler,7210d461,1159720,Pace,Left
Yashpal Singh,Yashpal Singh,"November 27, 1981, Delhi",Right hand Bat,Right arm Medium,Batter,297b26da,36130,Pace,Right
YBK Jaiswal,Yashasvi Bhupendra Kumar Jaiswal,"December 28, 2001, Suriya, Uttar Pradesh",Left hand Bat,Legbreak,Opening Batter,6c19c6e5,1151278,Spin,
Y Gnaneswara Rao,Yalaka Gnaneswara Rao,"August 25, 1984, Visakhapatnam, Andhra Pradesh",Right hand Bat,Right arm Medium,Allrounder,bae11797,28830,Pace,Right
YK Pathan,Yusuf Khan Pathan,"November 17, 1982, Baroda, Gujarat",Right hand Bat,Right arm Offbreak,Allrounder,3c6ffae8,32498,Spin,Right
Y Nagar,Yogesh Nagar,"January 06, 1990, Wazirabad, Delhi",Right hand Bat,Right arm Offbreak,Allrounder,662c47a6,317786,Spin,Right
Younis Khan,Mohammad Younis Khan,"November 29, 1977, Mardan, North-West Frontier Province (now Khyber Pakhtunkhwa)",Right hand Bat,"Right arm Medium, Legbreak",Middle order Batter,33cb3411,43652,Pace,Right
Y Prithvi Raj,Prithvi Raj Yarra,"February 20, 1998, Duggirala , Andhra Pradesh",Left hand Bat,Left arm Medium,Bowler,cfa4bd2b,1121579,Pace,Left
YS Chahal,Yuzvendra Singh Chahal,"July 23, 1990, Jind, Haryana",Right hand Bat,Legbreak Googly,Bowler,57ee1fde,430246,Spin,
Yuvraj Singh,Yuvraj Singh,"December 12, 1981, Chandigarh",Left hand Bat,Slow Left arm Orthodox,Middle order Batter,1c914163,36084,Spin,Left
Y Venugopal Rao,Yalaka Venugopal Rao,"February 26, 1982, Visakhapatnam, Andhra Pradesh",Right hand Bat,Right arm Offbreak,Middle order Batter,fe763256,35805,Spin,Right
YV Takawale,Yogesh Vijay Takawale,"November 05, 1984, Pune, Maharashtra",Right hand Bat,,,4e04666c,35357,,
Z Khan,Zaheer Khan,"October 08, 1978, Shrirampur, Maharashtra",Right hand Bat,Left arm Fast medium,Bowler,91a4a398,30102,Pace,Left
JC Buttler,Joseph Charles Buttler,"September 08, 1990, Taunton, Somerset",Right hand Bat,,Wicketkeeper Batter,99b75528,308967,,
PJ Cummins,Patrick James Cummins,"May 08, 1993, Westmead, Sydney",Right hand Bat,Right arm Fast,Bowler,ded9240e,489889,Pace,Right
